d_month,d_year,d_row,d_organ,d_sum
6,2015,7,191110,50
6,2015,7,191118,7
6,2015,7,191132,14
6,2015,7,191134,14
6,2015,7,191136,4
6,2015,7,191138,10
6,2015,7,191140,4
6,2015,7,191145,4
6,2015,7,191146,5
6,2015,7,191148,4
6,2015,7,191152,5
6,2015,7,191154,1
6,2015,7,191156,22
6,2015,7,191160,1
6,2015,7,191164,2
6,2015,7,191166,19
6,2015,7,191168,13
6,2015,7,191170,25
6,2015,7,191510,223
6,2015,7,191532,14
6,2015,7,191534,7
6,2015,7,191536,1
6,2015,7,191540,6
6,2015,7,191542,10
6,2015,7,191546,11
6,2015,7,191548,13
6,2015,7,191552,1
6,2015,7,191556,6
6,2015,7,191560,16
6,2015,7,191564,16
6,2015,7,191568,3
6,2015,7,191910,81
6,2015,7,191916,29
6,2015,7,191926,3
6,2015,7,191932,8
6,2015,7,191934,16
6,2015,7,191936,8
6,2015,7,191940,130
6,2015,7,191942,63
6,2015,7,191946,12
6,2015,7,191948,19
6,2015,7,191950,6
6,2015,7,191952,139
6,2015,7,191956,39
6,2015,7,191958,10
6,2015,7,191960,7
6,2015,7,191962,71
6,2015,7,191964,18
6,2015,7,191966,21
6,2015,7,191968,101
6,2015,7,192310,116
6,2015,7,192336,33
6,2015,7,192340,15
6,2015,7,192342,9
6,2015,7,192346,9
6,2015,7,192348,3
6,2015,7,192352,3
6,2015,7,192356,21
6,2015,7,192710,119
6,2015,7,192732,17
6,2015,7,192736,11
6,2015,7,192740,3
6,2015,7,192742,1
6,2015,7,192744,16
6,2015,7,192748,3
6,2015,7,192750,5
6,2015,7,192754,2
6,2015,7,192758,8
6,2015,7,192760,2
6,2015,7,192762,9
6,2015,7,192766,2
6,2015,7,193110,73
6,2015,7,193111,127
6,2015,7,193112,55
6,2015,7,193136,36
6,2015,7,193140,31
6,2015,7,193142,21
6,2015,7,193148,80
6,2015,7,193150,31
6,2015,7,193154,26
6,2015,7,193156,22
6,2015,7,193160,15
6,2015,7,193162,12
6,2015,7,193166,49
6,2015,7,193510,29
6,2015,7,193511,44
6,2015,7,193516,11
6,2015,7,193518,21
6,2015,7,193520,3
6,2015,7,193522,9
6,2015,7,193523,22
6,2015,7,193524,37
6,2015,7,193528,14
6,2015,7,193532,17
6,2015,7,193536,12
6,2015,7,193540,23
6,2015,7,193544,10
6,2015,7,193548,7
6,2015,7,193552,5
6,2015,7,193556,20
6,2015,7,193560,2
6,2015,7,193564,23
6,2015,7,193570,32
6,2015,7,193910,117
6,2015,7,193916,14
6,2015,7,193920,9
6,2015,7,193924,30
6,2015,7,193932,5
6,2015,7,193934,5
6,2015,7,193936,9
6,2015,7,193940,4
6,2015,7,193942,2
6,2015,7,193944,5
6,2015,7,193948,2
6,2015,7,193950,3
6,2015,7,193952,4
6,2015,7,193954,27
6,2015,7,193956,1
6,2015,7,193958,2
6,2015,7,193962,4
6,2015,7,193964,12
6,2015,7,193966,2
6,2015,7,193968,5
6,2015,7,194310,89
6,2015,7,194332,16
6,2015,7,194336,4
6,2015,7,194340,9
6,2015,7,194344,12
6,2015,7,194346,6
6,2015,7,194348,14
6,2015,7,194352,11
6,2015,7,194710,38
6,2015,7,194718,30
6,2015,7,194736,15
6,2015,7,194742,17
6,2015,7,194746,21
6,2015,7,194750,27
6,2015,7,194752,14
6,2015,7,195116,9
6,2015,7,195120,15
6,2015,7,195126,67
6,2015,7,195136,9
6,2015,7,195140,16
6,2015,7,195144,69
6,2015,7,195146,29
6,2015,7,195148,8
6,2015,7,195152,52
6,2015,7,195154,133
6,2015,7,195156,17
6,2015,7,195158,11
6,2015,7,195160,52
6,2015,7,195164,17
6,2015,7,195510,241
6,2015,7,195516,23
6,2015,7,195522,67
6,2015,7,195532,4
6,2015,7,195536,9
6,2015,7,195542,2
6,2015,7,195546,1
6,2015,7,195548,6
6,2015,7,195552,2
6,2015,7,195556,2
6,2015,7,195560,7
6,2015,7,195564,3
6,2015,7,195568,2
6,2015,7,195910,62
6,2015,7,195932,4
6,2015,7,195934,5
6,2015,7,195936,4
6,2015,7,195942,5
6,2015,7,195946,1
6,2015,7,195950,14
6,2015,7,195956,2
6,2015,7,195958,3
6,2015,7,195960,9
6,2015,7,195962,1
6,2015,7,195966,4
6,2015,7,196310,93
6,2015,7,196311,109
6,2015,7,196312,56
6,2015,7,196322,2
6,2015,7,196324,11
6,2015,7,196329,59
6,2015,7,196330,52
6,2015,7,196331,66
6,2015,7,196332,1
6,2015,7,196334,15
6,2015,7,196336,8
6,2015,7,196338,7
6,2015,7,196340,15
6,2015,7,196344,19
6,2015,7,196346,6
6,2015,7,196348,32
6,2015,7,196350,6
6,2015,7,196352,8
6,2015,7,196354,5
6,2015,7,196358,9
6,2015,7,196362,16
6,2015,7,196364,18
6,2015,7,196368,9
6,2015,7,197111,145
6,2015,7,197113,123
6,2015,7,197115,87
6,2015,7,197511,427
6,2015,7,197512,361
6,2015,7,197513,430
6,2015,7,197514,294
6,2015,7,197515,315
6,2015,7,197517,289
6,2015,7,197519,292
6,2015,7,197541,11
6,2015,7,197910,204
6,2015,7,197911,164
6,2015,7,197912,170
6,2015,7,197913,84
6,2015,7,198743,5
6,2015,8,191110,66
6,2015,8,191118,9
6,2015,8,191132,26
6,2015,8,191134,29
6,2015,8,191136,11
6,2015,8,191138,17
6,2015,8,191140,5
6,2015,8,191145,6
6,2015,8,191146,11
6,2015,8,191148,8
6,2015,8,191152,9
6,2015,8,191154,1
6,2015,8,191156,48
6,2015,8,191160,1
6,2015,8,191164,4
6,2015,8,191166,32
6,2015,8,191168,15
6,2015,8,191170,43
6,2015,8,191510,254
6,2015,8,191532,28
6,2015,8,191534,8
6,2015,8,191536,3
6,2015,8,191540,10
6,2015,8,191542,19
6,2015,8,191546,12
6,2015,8,191548,37
6,2015,8,191552,4
6,2015,8,191556,7
6,2015,8,191560,53
6,2015,8,191564,22
6,2015,8,191568,8
6,2015,8,191910,116
6,2015,8,191916,49
6,2015,8,191926,3
6,2015,8,191932,20
6,2015,8,191934,22
6,2015,8,191936,17
6,2015,8,191940,205
6,2015,8,191942,116
6,2015,8,191946,16
6,2015,8,191948,26
6,2015,8,191950,7
6,2015,8,191952,192
6,2015,8,191956,65
6,2015,8,191958,22
6,2015,8,191960,9
6,2015,8,191962,85
6,2015,8,191964,37
6,2015,8,191966,38
6,2015,8,191968,143
6,2015,8,192310,125
6,2015,8,192336,67
6,2015,8,192340,25
6,2015,8,192342,14
6,2015,8,192346,12
6,2015,8,192348,3
6,2015,8,192352,5
6,2015,8,192356,36
6,2015,8,192710,152
6,2015,8,192732,30
6,2015,8,192736,12
6,2015,8,192740,4
6,2015,8,192742,1
6,2015,8,192744,27
6,2015,8,192748,8
6,2015,8,192750,6
6,2015,8,192754,3
6,2015,8,192758,38
6,2015,8,192760,2
6,2015,8,192762,21
6,2015,8,192766,2
6,2015,8,193110,91
6,2015,8,193111,171
6,2015,8,193112,62
6,2015,8,193136,74
6,2015,8,193140,80
6,2015,8,193142,34
6,2015,8,193148,147
6,2015,8,193150,81
6,2015,8,193154,72
6,2015,8,193156,67
6,2015,8,193160,32
6,2015,8,193162,32
6,2015,8,193166,84
6,2015,8,193510,35
6,2015,8,193511,49
6,2015,8,193516,11
6,2015,8,193518,26
6,2015,8,193520,5
6,2015,8,193522,13
6,2015,8,193523,31
6,2015,8,193524,44
6,2015,8,193528,16
6,2015,8,193532,26
6,2015,8,193536,21
6,2015,8,193540,43
6,2015,8,193544,15
6,2015,8,193548,12
6,2015,8,193552,8
6,2015,8,193556,31
6,2015,8,193560,11
6,2015,8,193564,53
6,2015,8,193570,34
6,2015,8,193910,140
6,2015,8,193916,21
6,2015,8,193920,10
6,2015,8,193924,34
6,2015,8,193932,5
6,2015,8,193934,8
6,2015,8,193936,17
6,2015,8,193940,10
6,2015,8,193942,3
6,2015,8,193944,5
6,2015,8,193948,4
6,2015,8,193950,8
6,2015,8,193952,11
6,2015,8,193954,52
6,2015,8,193956,1
6,2015,8,193958,5
6,2015,8,193962,4
6,2015,8,193964,22
6,2015,8,193966,2
6,2015,8,193968,6
6,2015,8,194310,109
6,2015,8,194332,20
6,2015,8,194336,9
6,2015,8,194340,22
6,2015,8,194344,15
6,2015,8,194346,18
6,2015,8,194348,31
6,2015,8,194352,19
6,2015,8,194710,42
6,2015,8,194718,36
6,2015,8,194736,27
6,2015,8,194742,39
6,2015,8,194746,38
6,2015,8,194750,35
6,2015,8,194752,18
6,2015,8,195116,9
6,2015,8,195120,26
6,2015,8,195126,105
6,2015,8,195136,17
6,2015,8,195140,35
6,2015,8,195144,119
6,2015,8,195146,52
6,2015,8,195148,16
6,2015,8,195152,64
6,2015,8,195154,277
6,2015,8,195156,28
6,2015,8,195158,16
6,2015,8,195160,88
6,2015,8,195164,25
6,2015,8,195510,313
6,2015,8,195516,40
6,2015,8,195522,93
6,2015,8,195532,9
6,2015,8,195536,15
6,2015,8,195542,2
6,2015,8,195546,2
6,2015,8,195548,9
6,2015,8,195552,3
6,2015,8,195556,2
6,2015,8,195560,16
6,2015,8,195564,4
6,2015,8,195568,4
6,2015,8,195910,81
6,2015,8,195932,5
6,2015,8,195934,10
6,2015,8,195936,4
6,2015,8,195942,10
6,2015,8,195946,1
6,2015,8,195950,21
6,2015,8,195956,9
6,2015,8,195958,5
6,2015,8,195960,10
6,2015,8,195962,1
6,2015,8,195966,4
6,2015,8,196310,118
6,2015,8,196311,133
6,2015,8,196312,73
6,2015,8,196322,2
6,2015,8,196324,12
6,2015,8,196329,72
6,2015,8,196330,58
6,2015,8,196331,90
6,2015,8,196332,1
6,2015,8,196334,22
6,2015,8,196336,13
6,2015,8,196338,15
6,2015,8,196340,22
6,2015,8,196344,24
6,2015,8,196346,9
6,2015,8,196348,65
6,2015,8,196350,12
6,2015,8,196352,10
6,2015,8,196354,9
6,2015,8,196358,13
6,2015,8,196362,33
6,2015,8,196364,43
6,2015,8,196368,10
6,2015,8,197111,166
6,2015,8,197113,143
6,2015,8,197115,101
6,2015,8,197511,488
6,2015,8,197512,481
6,2015,8,197513,497
6,2015,8,197514,358
6,2015,8,197515,375
6,2015,8,197517,346
6,2015,8,197519,347
6,2015,8,197541,15
6,2015,8,197910,269
6,2015,8,197911,217
6,2015,8,197912,210
6,2015,8,197913,138
6,2015,8,198743,8
6,2015,9,191110,64
6,2015,9,191118,8
6,2015,9,191132,25
6,2015,9,191134,21
6,2015,9,191136,6
6,2015,9,191138,12
6,2015,9,191140,5
6,2015,9,191145,6
6,2015,9,191146,11
6,2015,9,191148,8
6,2015,9,191152,5
6,2015,9,191156,37
6,2015,9,191160,1
6,2015,9,191164,4
6,2015,9,191166,25
6,2015,9,191168,14
6,2015,9,191170,38
6,2015,9,191510,240
6,2015,9,191532,24
6,2015,9,191534,8
6,2015,9,191536,3
6,2015,9,191540,9
6,2015,9,191542,15
6,2015,9,191546,10
6,2015,9,191548,32
6,2015,9,191552,4
6,2015,9,191556,7
6,2015,9,191560,46
6,2015,9,191564,22
6,2015,9,191568,8
6,2015,9,191910,100
6,2015,9,191916,36
6,2015,9,191926,2
6,2015,9,191932,17
6,2015,9,191934,18
6,2015,9,191936,13
6,2015,9,191940,176
6,2015,9,191942,92
6,2015,9,191946,14
6,2015,9,191948,23
6,2015,9,191950,5
6,2015,9,191952,152
6,2015,9,191956,57
6,2015,9,191958,17
6,2015,9,191960,5
6,2015,9,191962,72
6,2015,9,191964,28
6,2015,9,191966,30
6,2015,9,191968,124
6,2015,9,192310,116
6,2015,9,192336,46
6,2015,9,192340,23
6,2015,9,192342,14
6,2015,9,192346,10
6,2015,9,192348,3
6,2015,9,192352,4
6,2015,9,192356,25
6,2015,9,192710,145
6,2015,9,192732,23
6,2015,9,192736,12
6,2015,9,192740,3
6,2015,9,192742,1
6,2015,9,192744,25
6,2015,9,192748,8
6,2015,9,192750,5
6,2015,9,192754,2
6,2015,9,192758,34
6,2015,9,192760,2
6,2015,9,192762,17
6,2015,9,192766,2
6,2015,9,193110,89
6,2015,9,193111,167
6,2015,9,193112,59
6,2015,9,193136,63
6,2015,9,193140,66
6,2015,9,193142,32
6,2015,9,193148,132
6,2015,9,193150,65
6,2015,9,193154,60
6,2015,9,193156,35
6,2015,9,193160,30
6,2015,9,193162,29
6,2015,9,193166,79
6,2015,9,193510,32
6,2015,9,193511,45
6,2015,9,193516,9
6,2015,9,193518,22
6,2015,9,193520,5
6,2015,9,193522,11
6,2015,9,193523,25
6,2015,9,193524,39
6,2015,9,193528,13
6,2015,9,193532,23
6,2015,9,193536,18
6,2015,9,193540,39
6,2015,9,193544,11
6,2015,9,193548,11
6,2015,9,193552,7
6,2015,9,193556,27
6,2015,9,193560,10
6,2015,9,193564,43
6,2015,9,193570,32
6,2015,9,193910,134
6,2015,9,193916,20
6,2015,9,193920,9
6,2015,9,193924,30
6,2015,9,193932,5
6,2015,9,193934,7
6,2015,9,193936,7
6,2015,9,193940,6
6,2015,9,193942,3
6,2015,9,193944,5
6,2015,9,193948,3
6,2015,9,193950,8
6,2015,9,193952,9
6,2015,9,193954,42
6,2015,9,193956,1
6,2015,9,193958,3
6,2015,9,193962,3
6,2015,9,193964,16
6,2015,9,193968,5
6,2015,9,194310,95
6,2015,9,194332,16
6,2015,9,194336,9
6,2015,9,194340,17
6,2015,9,194344,10
6,2015,9,194346,17
6,2015,9,194348,26
6,2015,9,194352,14
6,2015,9,194710,40
6,2015,9,194718,33
6,2015,9,194736,21
6,2015,9,194742,35
6,2015,9,194746,32
6,2015,9,194750,28
6,2015,9,194752,14
6,2015,9,195116,4
6,2015,9,195120,25
6,2015,9,195126,93
6,2015,9,195136,14
6,2015,9,195140,26
6,2015,9,195144,105
6,2015,9,195146,32
6,2015,9,195148,14
6,2015,9,195152,57
6,2015,9,195154,247
6,2015,9,195156,24
6,2015,9,195158,14
6,2015,9,195160,74
6,2015,9,195164,23
6,2015,9,195510,305
6,2015,9,195516,34
6,2015,9,195522,89
6,2015,9,195532,9
6,2015,9,195536,10
6,2015,9,195546,1
6,2015,9,195548,7
6,2015,9,195556,2
6,2015,9,195560,16
6,2015,9,195564,4
6,2015,9,195568,4
6,2015,9,195910,75
6,2015,9,195932,5
6,2015,9,195934,9
6,2015,9,195936,4
6,2015,9,195942,9
6,2015,9,195950,19
6,2015,9,195956,7
6,2015,9,195958,5
6,2015,9,195960,6
6,2015,9,195962,1
6,2015,9,195966,2
6,2015,9,196310,115
6,2015,9,196311,130
6,2015,9,196312,71
6,2015,9,196322,2
6,2015,9,196324,11
6,2015,9,196329,69
6,2015,9,196330,55
6,2015,9,196331,89
6,2015,9,196332,1
6,2015,9,196334,20
6,2015,9,196336,8
6,2015,9,196338,12
6,2015,9,196340,21
6,2015,9,196344,21
6,2015,9,196346,7
6,2015,9,196348,64
6,2015,9,196350,12
6,2015,9,196352,8
6,2015,9,196354,5
6,2015,9,196358,13
6,2015,9,196362,27
6,2015,9,196364,34
6,2015,9,196368,9
6,2015,9,197111,158
6,2015,9,197113,136
6,2015,9,197115,96
6,2015,9,197511,485
6,2015,9,197512,471
6,2015,9,197513,478
6,2015,9,197514,349
6,2015,9,197515,362
6,2015,9,197517,338
6,2015,9,197519,336
6,2015,9,197541,11
6,2015,9,197910,256
6,2015,9,197911,209
6,2015,9,197912,208
6,2015,9,197913,119
6,2015,9,198743,8
6,2015,10,191110,2
6,2015,10,191118,1
6,2015,10,191132,1
6,2015,10,191134,8
6,2015,10,191136,5
6,2015,10,191138,5
6,2015,10,191152,4
6,2015,10,191154,1
6,2015,10,191156,11
6,2015,10,191166,7
6,2015,10,191168,1
6,2015,10,191170,5
6,2015,10,191510,14
6,2015,10,191532,4
6,2015,10,191540,1
6,2015,10,191542,4
6,2015,10,191546,2
6,2015,10,191548,5
6,2015,10,191560,7
6,2015,10,191910,16
6,2015,10,191916,13
6,2015,10,191926,1
6,2015,10,191932,3
6,2015,10,191934,4
6,2015,10,191936,4
6,2015,10,191940,29
6,2015,10,191942,24
6,2015,10,191946,2
6,2015,10,191948,3
6,2015,10,191950,2
6,2015,10,191952,40
6,2015,10,191956,8
6,2015,10,191958,5
6,2015,10,191960,4
6,2015,10,191962,13
6,2015,10,191964,9
6,2015,10,191966,8
6,2015,10,191968,19
6,2015,10,192310,9
6,2015,10,192336,21
6,2015,10,192340,2
6,2015,10,192346,2
6,2015,10,192352,1
6,2015,10,192356,11
6,2015,10,192710,7
6,2015,10,192732,7
6,2015,10,192740,1
6,2015,10,192744,2
6,2015,10,192750,1
6,2015,10,192754,1
6,2015,10,192758,4
6,2015,10,192762,4
6,2015,10,193110,2
6,2015,10,193111,4
6,2015,10,193112,3
6,2015,10,193136,11
6,2015,10,193140,14
6,2015,10,193142,2
6,2015,10,193148,15
6,2015,10,193150,16
6,2015,10,193154,12
6,2015,10,193156,32
6,2015,10,193160,2
6,2015,10,193162,3
6,2015,10,193166,5
6,2015,10,193510,3
6,2015,10,193511,4
6,2015,10,193516,2
6,2015,10,193518,4
6,2015,10,193522,2
6,2015,10,193523,6
6,2015,10,193524,5
6,2015,10,193528,3
6,2015,10,193532,3
6,2015,10,193536,3
6,2015,10,193540,4
6,2015,10,193544,4
6,2015,10,193548,1
6,2015,10,193552,1
6,2015,10,193556,4
6,2015,10,193560,1
6,2015,10,193564,10
6,2015,10,193570,2
6,2015,10,193910,6
6,2015,10,193916,1
6,2015,10,193920,1
6,2015,10,193924,4
6,2015,10,193934,1
6,2015,10,193936,10
6,2015,10,193940,4
6,2015,10,193948,1
6,2015,10,193952,2
6,2015,10,193954,10
6,2015,10,193958,2
6,2015,10,193962,1
6,2015,10,193964,6
6,2015,10,193966,2
6,2015,10,193968,1
6,2015,10,194310,14
6,2015,10,194332,4
6,2015,10,194340,5
6,2015,10,194344,5
6,2015,10,194346,1
6,2015,10,194348,5
6,2015,10,194352,5
6,2015,10,194710,2
6,2015,10,194718,3
6,2015,10,194736,6
6,2015,10,194742,4
6,2015,10,194746,6
6,2015,10,194750,7
6,2015,10,194752,4
6,2015,10,195116,5
6,2015,10,195120,1
6,2015,10,195126,12
6,2015,10,195136,3
6,2015,10,195140,9
6,2015,10,195144,14
6,2015,10,195146,20
6,2015,10,195148,2
6,2015,10,195152,7
6,2015,10,195154,30
6,2015,10,195156,4
6,2015,10,195158,2
6,2015,10,195160,14
6,2015,10,195164,2
6,2015,10,195510,8
6,2015,10,195516,6
6,2015,10,195522,4
6,2015,10,195536,5
6,2015,10,195542,2
6,2015,10,195546,1
6,2015,10,195548,2
6,2015,10,195552,3
6,2015,10,195910,6
6,2015,10,195934,1
6,2015,10,195942,1
6,2015,10,195946,1
6,2015,10,195950,2
6,2015,10,195956,2
6,2015,10,195960,4
6,2015,10,195966,2
6,2015,10,196310,3
6,2015,10,196311,3
6,2015,10,196312,2
6,2015,10,196324,1
6,2015,10,196329,3
6,2015,10,196330,3
6,2015,10,196331,1
6,2015,10,196334,2
6,2015,10,196336,5
6,2015,10,196338,3
6,2015,10,196340,1
6,2015,10,196344,3
6,2015,10,196346,2
6,2015,10,196348,1
6,2015,10,196352,2
6,2015,10,196354,4
6,2015,10,196362,6
6,2015,10,196364,9
6,2015,10,196368,1
6,2015,10,197111,8
6,2015,10,197113,7
6,2015,10,197115,5
6,2015,10,197511,3
6,2015,10,197512,10
6,2015,10,197513,19
6,2015,10,197514,9
6,2015,10,197515,13
6,2015,10,197517,8
6,2015,10,197519,11
6,2015,10,197541,4
6,2015,10,197910,13
6,2015,10,197911,8
6,2015,10,197912,2
6,2015,10,197913,19
6,2016,7,191110,43
6,2016,7,191118,11
6,2016,7,191132,12
6,2016,7,191134,8
6,2016,7,191136,3
6,2016,7,191138,17
6,2016,7,191140,5
6,2016,7,191144,1
6,2016,7,191145,1
6,2016,7,191146,10
6,2016,7,191148,4
6,2016,7,191152,3
6,2016,7,191154,2
6,2016,7,191156,22
6,2016,7,191160,1
6,2016,7,191164,2
6,2016,7,191166,21
6,2016,7,191168,15
6,2016,7,191170,23
6,2016,7,191510,214
6,2016,7,191532,10
6,2016,7,191534,7
6,2016,7,191536,1
6,2016,7,191540,3
6,2016,7,191542,7
6,2016,7,191546,20
6,2016,7,191548,8
6,2016,7,191552,1
6,2016,7,191556,6
6,2016,7,191560,8
6,2016,7,191564,9
6,2016,7,191568,3
6,2016,7,191910,131
6,2016,7,191916,46
6,2016,7,191926,7
6,2016,7,191932,13
6,2016,7,191934,19
6,2016,7,191936,6
6,2016,7,191940,142
6,2016,7,191942,54
6,2016,7,191946,11
6,2016,7,191948,16
6,2016,7,191950,9
6,2016,7,191952,147
6,2016,7,191956,44
6,2016,7,191958,10
6,2016,7,191960,9
6,2016,7,191962,82
6,2016,7,191964,25
6,2016,7,191966,12
6,2016,7,191968,120
6,2016,7,192310,73
6,2016,7,192336,24
6,2016,7,192340,9
6,2016,7,192342,3
6,2016,7,192346,6
6,2016,7,192348,6
6,2016,7,192352,4
6,2016,7,192356,12
6,2016,7,192710,115
6,2016,7,192732,12
6,2016,7,192736,8
6,2016,7,192740,2
6,2016,7,192742,2
6,2016,7,192744,22
6,2016,7,192748,4
6,2016,7,192750,1
6,2016,7,192754,1
6,2016,7,192758,11
6,2016,7,192760,4
6,2016,7,192762,11
6,2016,7,192766,1
6,2016,7,193110,59
6,2016,7,193111,121
6,2016,7,193112,49
6,2016,7,193136,58
6,2016,7,193140,46
6,2016,7,193142,18
6,2016,7,193148,76
6,2016,7,193150,39
6,2016,7,193154,38
6,2016,7,193156,14
6,2016,7,193160,9
6,2016,7,193162,14
6,2016,7,193166,62
6,2016,7,193510,96
6,2016,7,193511,2
6,2016,7,193516,15
6,2016,7,193518,26
6,2016,7,193520,2
6,2016,7,193521,1
6,2016,7,193522,12
6,2016,7,193523,12
6,2016,7,193524,36
6,2016,7,193528,9
6,2016,7,193532,22
6,2016,7,193536,6
6,2016,7,193540,22
6,2016,7,193544,15
6,2016,7,193548,5
6,2016,7,193552,6
6,2016,7,193556,16
6,2016,7,193560,5
6,2016,7,193564,16
6,2016,7,193570,2
6,2016,7,193910,63
6,2016,7,193911,8
6,2016,7,193912,2
6,2016,7,193916,11
6,2016,7,193920,4
6,2016,7,193924,20
6,2016,7,193932,2
6,2016,7,193934,3
6,2016,7,193936,5
6,2016,7,193940,7
6,2016,7,193942,4
6,2016,7,193944,5
6,2016,7,193948,2
6,2016,7,193950,3
6,2016,7,193952,4
6,2016,7,193954,27
6,2016,7,193956,2
6,2016,7,193958,1
6,2016,7,193962,3
6,2016,7,193964,5
6,2016,7,193966,4
6,2016,7,193968,6
6,2016,7,194310,74
6,2016,7,194332,9
6,2016,7,194336,10
6,2016,7,194340,21
6,2016,7,194344,15
6,2016,7,194346,6
6,2016,7,194348,4
6,2016,7,194352,13
6,2016,7,194710,38
6,2016,7,194718,32
6,2016,7,194736,12
6,2016,7,194742,8
6,2016,7,194746,15
6,2016,7,194750,22
6,2016,7,194752,15
6,2016,7,195116,14
6,2016,7,195120,10
6,2016,7,195126,92
6,2016,7,195136,8
6,2016,7,195140,22
6,2016,7,195144,116
6,2016,7,195146,22
6,2016,7,195148,15
6,2016,7,195152,63
6,2016,7,195154,143
6,2016,7,195156,14
6,2016,7,195158,22
6,2016,7,195160,42
6,2016,7,195164,27
6,2016,7,195511,56
6,2016,7,195512,64
6,2016,7,195513,96
6,2016,7,195516,22
6,2016,7,195522,69
6,2016,7,195532,2
6,2016,7,195536,6
6,2016,7,195542,4
6,2016,7,195546,4
6,2016,7,195548,2
6,2016,7,195552,1
6,2016,7,195556,4
6,2016,7,195560,8
6,2016,7,195564,6
6,2016,7,195568,4
6,2016,7,195910,46
6,2016,7,195932,5
6,2016,7,195934,3
6,2016,7,195936,1
6,2016,7,195942,2
6,2016,7,195946,2
6,2016,7,195950,3
6,2016,7,195952,2
6,2016,7,195956,3
6,2016,7,195958,4
6,2016,7,195960,7
6,2016,7,195962,1
6,2016,7,195966,5
6,2016,7,196310,80
6,2016,7,196311,94
6,2016,7,196312,39
6,2016,7,196324,16
6,2016,7,196328,1
6,2016,7,196329,68
6,2016,7,196330,44
6,2016,7,196331,58
6,2016,7,196332,2
6,2016,7,196334,11
6,2016,7,196336,5
6,2016,7,196338,9
6,2016,7,196340,32
6,2016,7,196344,15
6,2016,7,196346,8
6,2016,7,196348,22
6,2016,7,196350,8
6,2016,7,196352,9
6,2016,7,196354,2
6,2016,7,196358,9
6,2016,7,196362,18
6,2016,7,196364,19
6,2016,7,196368,6
6,2016,7,197110,4
6,2016,7,197111,151
6,2016,7,197113,102
6,2016,7,197115,82
6,2016,7,197511,362
6,2016,7,197512,400
6,2016,7,197513,367
6,2016,7,197514,320
6,2016,7,197515,258
6,2016,7,197517,291
6,2016,7,197519,280
6,2016,7,197541,117
6,2016,7,197910,143
6,2016,7,197911,110
6,2016,7,197912,163
6,2016,7,197913,57
6,2016,7,198743,8
6,2016,8,191110,60
6,2016,8,191118,12
6,2016,8,191132,23
6,2016,8,191134,24
6,2016,8,191136,4
6,2016,8,191138,22
6,2016,8,191140,9
6,2016,8,191144,1
6,2016,8,191145,1
6,2016,8,191146,17
6,2016,8,191148,4
6,2016,8,191152,5
6,2016,8,191154,4
6,2016,8,191156,39
6,2016,8,191160,1
6,2016,8,191164,2
6,2016,8,191166,31
6,2016,8,191168,23
6,2016,8,191170,47
6,2016,8,191510,236
6,2016,8,191532,21
6,2016,8,191534,12
6,2016,8,191536,1
6,2016,8,191540,5
6,2016,8,191542,9
6,2016,8,191546,26
6,2016,8,191548,17
6,2016,8,191552,1
6,2016,8,191556,17
6,2016,8,191560,14
6,2016,8,191564,13
6,2016,8,191568,5
6,2016,8,191910,181
6,2016,8,191916,65
6,2016,8,191926,10
6,2016,8,191932,23
6,2016,8,191934,33
6,2016,8,191936,10
6,2016,8,191940,207
6,2016,8,191942,100
6,2016,8,191946,21
6,2016,8,191948,34
6,2016,8,191950,11
6,2016,8,191952,209
6,2016,8,191956,60
6,2016,8,191958,16
6,2016,8,191960,16
6,2016,8,191962,103
6,2016,8,191964,48
6,2016,8,191966,20
6,2016,8,191968,161
6,2016,8,192310,97
6,2016,8,192336,33
6,2016,8,192340,13
6,2016,8,192342,9
6,2016,8,192346,8
6,2016,8,192348,12
6,2016,8,192352,7
6,2016,8,192356,22
6,2016,8,192710,147
6,2016,8,192732,16
6,2016,8,192736,10
6,2016,8,192740,2
6,2016,8,192742,6
6,2016,8,192744,36
6,2016,8,192748,4
6,2016,8,192750,1
6,2016,8,192754,1
6,2016,8,192758,17
6,2016,8,192760,6
6,2016,8,192762,29
6,2016,8,192766,5
6,2016,8,193110,84
6,2016,8,193111,211
6,2016,8,193112,69
6,2016,8,193136,91
6,2016,8,193140,79
6,2016,8,193142,35
6,2016,8,193148,159
6,2016,8,193150,64
6,2016,8,193154,86
6,2016,8,193156,19
6,2016,8,193160,23
6,2016,8,193162,32
6,2016,8,193166,94
6,2016,8,193510,118
6,2016,8,193511,2
6,2016,8,193516,21
6,2016,8,193518,34
6,2016,8,193520,4
6,2016,8,193521,2
6,2016,8,193522,13
6,2016,8,193523,14
6,2016,8,193524,41
6,2016,8,193528,14
6,2016,8,193532,33
6,2016,8,193536,9
6,2016,8,193540,42
6,2016,8,193544,22
6,2016,8,193548,7
6,2016,8,193552,9
6,2016,8,193556,26
6,2016,8,193560,15
6,2016,8,193564,19
6,2016,8,193570,2
6,2016,8,193910,73
6,2016,8,193911,10
6,2016,8,193912,2
6,2016,8,193916,12
6,2016,8,193920,4
6,2016,8,193924,22
6,2016,8,193932,3
6,2016,8,193934,4
6,2016,8,193936,8
6,2016,8,193940,16
6,2016,8,193942,8
6,2016,8,193944,7
6,2016,8,193948,5
6,2016,8,193950,4
6,2016,8,193952,7
6,2016,8,193954,56
6,2016,8,193956,2
6,2016,8,193958,1
6,2016,8,193962,3
6,2016,8,193964,10
6,2016,8,193966,5
6,2016,8,193968,6
6,2016,8,194310,89
6,2016,8,194332,16
6,2016,8,194336,20
6,2016,8,194340,39
6,2016,8,194344,19
6,2016,8,194346,10
6,2016,8,194348,18
6,2016,8,194352,21
6,2016,8,194710,43
6,2016,8,194718,37
6,2016,8,194736,22
6,2016,8,194742,24
6,2016,8,194746,26
6,2016,8,194750,25
6,2016,8,194752,24
6,2016,8,195116,23
6,2016,8,195120,13
6,2016,8,195126,134
6,2016,8,195136,13
6,2016,8,195140,52
6,2016,8,195144,174
6,2016,8,195146,42
6,2016,8,195148,23
6,2016,8,195152,83
6,2016,8,195154,240
6,2016,8,195156,36
6,2016,8,195158,32
6,2016,8,195160,72
6,2016,8,195164,55
6,2016,8,195511,71
6,2016,8,195512,87
6,2016,8,195513,106
6,2016,8,195516,42
6,2016,8,195522,138
6,2016,8,195532,2
6,2016,8,195536,14
6,2016,8,195542,6
6,2016,8,195546,7
6,2016,8,195548,2
6,2016,8,195552,1
6,2016,8,195556,9
6,2016,8,195560,11
6,2016,8,195564,7
6,2016,8,195568,10
6,2016,8,195910,60
6,2016,8,195932,9
6,2016,8,195934,6
6,2016,8,195936,3
6,2016,8,195942,6
6,2016,8,195946,2
6,2016,8,195950,4
6,2016,8,195952,2
6,2016,8,195956,6
6,2016,8,195958,6
6,2016,8,195960,16
6,2016,8,195962,1
6,2016,8,195966,7
6,2016,8,196310,98
6,2016,8,196311,126
6,2016,8,196312,54
6,2016,8,196324,22
6,2016,8,196328,1
6,2016,8,196329,87
6,2016,8,196330,57
6,2016,8,196331,69
6,2016,8,196332,7
6,2016,8,196334,25
6,2016,8,196336,7
6,2016,8,196338,11
6,2016,8,196340,47
6,2016,8,196344,25
6,2016,8,196346,17
6,2016,8,196348,39
6,2016,8,196350,16
6,2016,8,196352,13
6,2016,8,196354,3
6,2016,8,196358,19
6,2016,8,196362,31
6,2016,8,196364,37
6,2016,8,196368,11
6,2016,8,197110,4
6,2016,8,197111,177
6,2016,8,197113,116
6,2016,8,197115,96
6,2016,8,197511,441
6,2016,8,197512,509
6,2016,8,197513,416
6,2016,8,197514,381
6,2016,8,197515,333
6,2016,8,197517,359
6,2016,8,197519,372
6,2016,8,197541,142
6,2016,8,197910,174
6,2016,8,197911,160
6,2016,8,197912,197
6,2016,8,197913,96
6,2016,8,198743,8
6,2016,9,191110,59
6,2016,9,191118,10
6,2016,9,191132,22
6,2016,9,191134,20
6,2016,9,191136,4
6,2016,9,191138,21
6,2016,9,191140,7
6,2016,9,191144,1
6,2016,9,191145,1
6,2016,9,191146,14
6,2016,9,191148,2
6,2016,9,191152,2
6,2016,9,191154,4
6,2016,9,191156,35
6,2016,9,191164,1
6,2016,9,191166,24
6,2016,9,191168,21
6,2016,9,191170,41
6,2016,9,191510,220
6,2016,9,191532,21
6,2016,9,191534,10
6,2016,9,191536,1
6,2016,9,191540,4
6,2016,9,191542,6
6,2016,9,191546,22
6,2016,9,191548,13
6,2016,9,191552,1
6,2016,9,191556,16
6,2016,9,191560,12
6,2016,9,191564,13
6,2016,9,191568,5
6,2016,9,191910,172
6,2016,9,191916,60
6,2016,9,191926,9
6,2016,9,191932,21
6,2016,9,191934,27
6,2016,9,191936,7
6,2016,9,191940,185
6,2016,9,191942,74
6,2016,9,191946,16
6,2016,9,191948,28
6,2016,9,191950,11
6,2016,9,191952,173
6,2016,9,191956,54
6,2016,9,191958,15
6,2016,9,191960,14
6,2016,9,191962,93
6,2016,9,191964,39
6,2016,9,191966,17
6,2016,9,191968,143
6,2016,9,192310,85
6,2016,9,192336,31
6,2016,9,192340,12
6,2016,9,192342,7
6,2016,9,192346,6
6,2016,9,192348,11
6,2016,9,192352,6
6,2016,9,192356,15
6,2016,9,192710,130
6,2016,9,192732,12
6,2016,9,192736,10
6,2016,9,192740,2
6,2016,9,192742,4
6,2016,9,192744,25
6,2016,9,192748,3
6,2016,9,192750,1
6,2016,9,192754,1
6,2016,9,192758,17
6,2016,9,192760,6
6,2016,9,192762,23
6,2016,9,192766,3
6,2016,9,193110,84
6,2016,9,193111,206
6,2016,9,193112,65
6,2016,9,193136,86
6,2016,9,193140,73
6,2016,9,193142,33
6,2016,9,193148,137
6,2016,9,193150,53
6,2016,9,193154,78
6,2016,9,193156,16
6,2016,9,193160,18
6,2016,9,193162,28
6,2016,9,193166,91
6,2016,9,193510,107
6,2016,9,193511,2
6,2016,9,193516,21
6,2016,9,193518,29
6,2016,9,193520,4
6,2016,9,193521,2
6,2016,9,193522,13
6,2016,9,193523,14
6,2016,9,193524,38
6,2016,9,193528,13
6,2016,9,193532,24
6,2016,9,193536,6
6,2016,9,193540,41
6,2016,9,193544,18
6,2016,9,193548,6
6,2016,9,193552,8
6,2016,9,193556,22
6,2016,9,193560,15
6,2016,9,193564,17
6,2016,9,193570,2
6,2016,9,193910,67
6,2016,9,193911,9
6,2016,9,193912,2
6,2016,9,193916,12
6,2016,9,193920,4
6,2016,9,193924,18
6,2016,9,193932,3
6,2016,9,193934,4
6,2016,9,193936,8
6,2016,9,193940,16
6,2016,9,193942,7
6,2016,9,193944,6
6,2016,9,193948,4
6,2016,9,193950,4
6,2016,9,193952,5
6,2016,9,193954,52
6,2016,9,193956,1
6,2016,9,193958,1
6,2016,9,193962,3
6,2016,9,193964,8
6,2016,9,193966,4
6,2016,9,193968,6
6,2016,9,194310,78
6,2016,9,194332,12
6,2016,9,194336,15
6,2016,9,194340,34
6,2016,9,194344,16
6,2016,9,194346,7
6,2016,9,194348,10
6,2016,9,194352,17
6,2016,9,194710,41
6,2016,9,194718,35
6,2016,9,194736,15
6,2016,9,194742,19
6,2016,9,194746,19
6,2016,9,194750,23
6,2016,9,194752,20
6,2016,9,195116,19
6,2016,9,195120,10
6,2016,9,195126,121
6,2016,9,195136,8
6,2016,9,195140,43
6,2016,9,195144,162
6,2016,9,195146,34
6,2016,9,195148,23
6,2016,9,195152,70
6,2016,9,195154,202
6,2016,9,195156,28
6,2016,9,195158,25
6,2016,9,195160,66
6,2016,9,195164,46
6,2016,9,195511,68
6,2016,9,195512,85
6,2016,9,195513,103
6,2016,9,195516,40
6,2016,9,195522,128
6,2016,9,195532,2
6,2016,9,195536,11
6,2016,9,195542,5
6,2016,9,195546,6
6,2016,9,195548,2
6,2016,9,195556,8
6,2016,9,195560,10
6,2016,9,195564,7
6,2016,9,195568,8
6,2016,9,195910,57
6,2016,9,195932,8
6,2016,9,195934,5
6,2016,9,195936,3
6,2016,9,195942,6
6,2016,9,195946,2
6,2016,9,195950,2
6,2016,9,195952,1
6,2016,9,195956,6
6,2016,9,195958,4
6,2016,9,195960,8
6,2016,9,195966,6
6,2016,9,196310,94
6,2016,9,196311,122
6,2016,9,196312,53
6,2016,9,196324,18
6,2016,9,196329,80
6,2016,9,196330,48
6,2016,9,196331,67
6,2016,9,196332,5
6,2016,9,196334,25
6,2016,9,196336,5
6,2016,9,196338,9
6,2016,9,196340,44
6,2016,9,196344,19
6,2016,9,196346,17
6,2016,9,196348,35
6,2016,9,196350,10
6,2016,9,196352,12
6,2016,9,196354,2
6,2016,9,196358,16
6,2016,9,196362,27
6,2016,9,196364,27
6,2016,9,196368,8
6,2016,9,197110,4
6,2016,9,197111,169
6,2016,9,197113,112
6,2016,9,197115,91
6,2016,9,197511,437
6,2016,9,197512,499
6,2016,9,197513,407
6,2016,9,197514,370
6,2016,9,197515,321
6,2016,9,197517,348
6,2016,9,197519,356
6,2016,9,197541,138
6,2016,9,197910,165
6,2016,9,197911,144
6,2016,9,197912,195
6,2016,9,197913,87
6,2016,9,198743,7
6,2016,10,191110,1
6,2016,10,191118,2
6,2016,10,191132,1
6,2016,10,191134,4
6,2016,10,191138,1
6,2016,10,191140,2
6,2016,10,191146,3
6,2016,10,191148,2
6,2016,10,191152,3
6,2016,10,191156,4
6,2016,10,191160,1
6,2016,10,191164,1
6,2016,10,191166,7
6,2016,10,191168,2
6,2016,10,191170,6
6,2016,10,191510,16
6,2016,10,191534,2
6,2016,10,191540,1
6,2016,10,191542,3
6,2016,10,191546,4
6,2016,10,191548,4
6,2016,10,191556,1
6,2016,10,191560,2
6,2016,10,191910,9
6,2016,10,191916,5
6,2016,10,191926,1
6,2016,10,191932,2
6,2016,10,191934,6
6,2016,10,191936,3
6,2016,10,191940,22
6,2016,10,191942,26
6,2016,10,191946,5
6,2016,10,191948,6
6,2016,10,191952,36
6,2016,10,191956,6
6,2016,10,191958,1
6,2016,10,191960,2
6,2016,10,191962,10
6,2016,10,191964,9
6,2016,10,191966,3
6,2016,10,191968,18
6,2016,10,192310,12
6,2016,10,192336,2
6,2016,10,192340,1
6,2016,10,192342,2
6,2016,10,192346,2
6,2016,10,192348,1
6,2016,10,192352,1
6,2016,10,192356,7
6,2016,10,192710,17
6,2016,10,192732,4
6,2016,10,192742,2
6,2016,10,192744,11
6,2016,10,192748,1
6,2016,10,192762,6
6,2016,10,192766,2
6,2016,10,193111,5
6,2016,10,193112,4
6,2016,10,193136,5
6,2016,10,193140,6
6,2016,10,193142,2
6,2016,10,193148,22
6,2016,10,193150,11
6,2016,10,193154,8
6,2016,10,193156,3
6,2016,10,193160,5
6,2016,10,193162,4
6,2016,10,193166,3
6,2016,10,193510,11
6,2016,10,193518,5
6,2016,10,193524,3
6,2016,10,193528,1
6,2016,10,193532,9
6,2016,10,193536,3
6,2016,10,193540,1
6,2016,10,193544,4
6,2016,10,193548,1
6,2016,10,193552,1
6,2016,10,193556,4
6,2016,10,193564,2
6,2016,10,193910,6
6,2016,10,193911,1
6,2016,10,193924,4
6,2016,10,193942,1
6,2016,10,193944,1
6,2016,10,193948,1
6,2016,10,193952,2
6,2016,10,193954,4
6,2016,10,193956,1
6,2016,10,193964,2
6,2016,10,193966,1
6,2016,10,194310,11
6,2016,10,194332,4
6,2016,10,194336,5
6,2016,10,194340,5
6,2016,10,194344,3
6,2016,10,194346,3
6,2016,10,194348,8
6,2016,10,194352,4
6,2016,10,194710,2
6,2016,10,194718,2
6,2016,10,194736,7
6,2016,10,194742,5
6,2016,10,194746,7
6,2016,10,194750,2
6,2016,10,194752,4
6,2016,10,195116,4
6,2016,10,195120,3
6,2016,10,195126,13
6,2016,10,195136,5
6,2016,10,195140,9
6,2016,10,195144,12
6,2016,10,195146,8
6,2016,10,195152,13
6,2016,10,195154,38
6,2016,10,195156,8
6,2016,10,195158,7
6,2016,10,195160,6
6,2016,10,195164,9
6,2016,10,195511,3
6,2016,10,195512,2
6,2016,10,195513,3
6,2016,10,195516,2
6,2016,10,195522,10
6,2016,10,195536,3
6,2016,10,195542,1
6,2016,10,195546,1
6,2016,10,195552,1
6,2016,10,195556,1
6,2016,10,195560,1
6,2016,10,195568,2
6,2016,10,195910,3
6,2016,10,195932,1
6,2016,10,195934,1
6,2016,10,195950,2
6,2016,10,195952,1
6,2016,10,195958,2
6,2016,10,195960,8
6,2016,10,195962,1
6,2016,10,195966,1
6,2016,10,196310,4
6,2016,10,196311,4
6,2016,10,196312,1
6,2016,10,196324,4
6,2016,10,196328,1
6,2016,10,196329,7
6,2016,10,196330,9
6,2016,10,196331,2
6,2016,10,196332,2
6,2016,10,196336,2
6,2016,10,196338,2
6,2016,10,196340,3
6,2016,10,196344,6
6,2016,10,196348,4
6,2016,10,196350,6
6,2016,10,196352,1
6,2016,10,196354,1
6,2016,10,196358,3
6,2016,10,196362,4
6,2016,10,196364,10
6,2016,10,196368,3
6,2016,10,197111,8
6,2016,10,197113,4
6,2016,10,197115,5
6,2016,10,197511,4
6,2016,10,197512,10
6,2016,10,197513,9
6,2016,10,197514,11
6,2016,10,197515,12
6,2016,10,197517,11
6,2016,10,197519,16
6,2016,10,197541,4
6,2016,10,197910,9
6,2016,10,197911,16
6,2016,10,197912,2
6,2016,10,197913,9
6,2016,10,198743,1
6,2017,7,191110,47
6,2017,7,191118,8
6,2017,7,191132,13
6,2017,7,191134,7
6,2017,7,191136,3
6,2017,7,191138,9
6,2017,7,191145,3
6,2017,7,191146,4
6,2017,7,191148,7
6,2017,7,191152,1
6,2017,7,191154,2
6,2017,7,191156,10
6,2017,7,191160,1
6,2017,7,191164,1
6,2017,7,191166,27
6,2017,7,191168,6
6,2017,7,191170,11
6,2017,7,191510,204
6,2017,7,191532,8
6,2017,7,191534,8
6,2017,7,191536,5
6,2017,7,191542,4
6,2017,7,191546,15
6,2017,7,191548,5
6,2017,7,191556,3
6,2017,7,191560,22
6,2017,7,191564,6
6,2017,7,191568,1
6,2017,7,191910,100
6,2017,7,191916,25
6,2017,7,191926,4
6,2017,7,191932,9
6,2017,7,191934,19
6,2017,7,191936,6
6,2017,7,191940,153
6,2017,7,191942,58
6,2017,7,191946,17
6,2017,7,191948,24
6,2017,7,191950,4
6,2017,7,191952,100
6,2017,7,191956,44
6,2017,7,191958,6
6,2017,7,191960,7
6,2017,7,191962,127
6,2017,7,191964,20
6,2017,7,191966,8
6,2017,7,191968,107
6,2017,7,192310,57
6,2017,7,192336,15
6,2017,7,192340,7
6,2017,7,192342,3
6,2017,7,192346,8
6,2017,7,192348,3
6,2017,7,192352,3
6,2017,7,192356,13
6,2017,7,192710,113
6,2017,7,192732,9
6,2017,7,192736,4
6,2017,7,192740,2
6,2017,7,192742,2
6,2017,7,192744,9
6,2017,7,192748,3
6,2017,7,192754,2
6,2017,7,192758,2
6,2017,7,192760,1
6,2017,7,192762,7
6,2017,7,192766,2
6,2017,7,193110,85
6,2017,7,193111,112
6,2017,7,193112,63
6,2017,7,193136,50
6,2017,7,193140,46
6,2017,7,193142,23
6,2017,7,193148,71
6,2017,7,193150,26
6,2017,7,193154,34
6,2017,7,193156,10
6,2017,7,193160,4
6,2017,7,193162,8
6,2017,7,193166,47
6,2017,7,193510,91
6,2017,7,193511,1
6,2017,7,193516,15
6,2017,7,193518,45
6,2017,7,193522,10
6,2017,7,193523,18
6,2017,7,193524,33
6,2017,7,193528,5
6,2017,7,193532,14
6,2017,7,193536,6
6,2017,7,193540,18
6,2017,7,193544,8
6,2017,7,193548,7
6,2017,7,193552,1
6,2017,7,193556,10
6,2017,7,193560,4
6,2017,7,193564,14
6,2017,7,193910,69
6,2017,7,193916,13
6,2017,7,193920,4
6,2017,7,193924,20
6,2017,7,193934,3
6,2017,7,193936,6
6,2017,7,193940,4
6,2017,7,193942,3
6,2017,7,193944,14
6,2017,7,193948,1
6,2017,7,193950,3
6,2017,7,193952,1
6,2017,7,193954,24
6,2017,7,193956,5
6,2017,7,193962,1
6,2017,7,193964,3
6,2017,7,193966,1
6,2017,7,193968,5
6,2017,7,194310,69
6,2017,7,194332,9
6,2017,7,194336,3
6,2017,7,194340,19
6,2017,7,194344,29
6,2017,7,194346,6
6,2017,7,194348,12
6,2017,7,194352,21
6,2017,7,194710,37
6,2017,7,194718,29
6,2017,7,194736,13
6,2017,7,194742,10
6,2017,7,194746,13
6,2017,7,194750,15
6,2017,7,194752,7
6,2017,7,195110,70
6,2017,7,195111,73
6,2017,7,195112,81
6,2017,7,195113,60
6,2017,7,195116,29
6,2017,7,195120,9
6,2017,7,195126,61
6,2017,7,195136,7
6,2017,7,195140,15
6,2017,7,195144,86
6,2017,7,195146,22
6,2017,7,195148,15
6,2017,7,195152,55
6,2017,7,195154,127
6,2017,7,195156,18
6,2017,7,195158,19
6,2017,7,195160,45
6,2017,7,195164,11
6,2017,7,195511,79
6,2017,7,195512,48
6,2017,7,195513,83
6,2017,7,195516,18
6,2017,7,195522,65
6,2017,7,195532,3
6,2017,7,195536,6
6,2017,7,195542,3
6,2017,7,195546,3
6,2017,7,195548,4
6,2017,7,195556,1
6,2017,7,195560,1
6,2017,7,195564,6
6,2017,7,195568,10
6,2017,7,195910,37
6,2017,7,195932,4
6,2017,7,195934,5
6,2017,7,195936,2
6,2017,7,195942,5
6,2017,7,195950,5
6,2017,7,195952,2
6,2017,7,195956,3
6,2017,7,195958,2
6,2017,7,195960,6
6,2017,7,195964,1
6,2017,7,195966,1
6,2017,7,196310,88
6,2017,7,196311,80
6,2017,7,196312,38
6,2017,7,196324,16
6,2017,7,196328,125
6,2017,7,196330,1
6,2017,7,196331,1
6,2017,7,196332,3
6,2017,7,196334,8
6,2017,7,196336,6
6,2017,7,196338,6
6,2017,7,196340,30
6,2017,7,196344,11
6,2017,7,196346,12
6,2017,7,196348,22
6,2017,7,196350,6
6,2017,7,196352,6
6,2017,7,196354,3
6,2017,7,196358,6
6,2017,7,196362,13
6,2017,7,196364,10
6,2017,7,196368,18
6,2017,7,197110,1
6,2017,7,197111,128
6,2017,7,197113,62
6,2017,7,197115,77
6,2017,7,197511,368
6,2017,7,197512,339
6,2017,7,197513,310
6,2017,7,197514,308
6,2017,7,197515,304
6,2017,7,197517,226
6,2017,7,197519,271
6,2017,7,197541,122
6,2017,7,198743,1
6,2017,8,191110,69
6,2017,8,191118,9
6,2017,8,191132,20
6,2017,8,191134,18
6,2017,8,191136,4
6,2017,8,191138,13
6,2017,8,191145,11
6,2017,8,191146,7
6,2017,8,191148,9
6,2017,8,191152,3
6,2017,8,191154,4
6,2017,8,191156,23
6,2017,8,191160,1
6,2017,8,191164,2
6,2017,8,191166,41
6,2017,8,191168,10
6,2017,8,191170,20
6,2017,8,191510,237
6,2017,8,191532,21
6,2017,8,191534,28
6,2017,8,191536,11
6,2017,8,191542,5
6,2017,8,191546,27
6,2017,8,191548,7
6,2017,8,191556,3
6,2017,8,191560,46
6,2017,8,191564,6
6,2017,8,191568,1
6,2017,8,191910,138
6,2017,8,191916,41
6,2017,8,191926,5
6,2017,8,191932,21
6,2017,8,191934,31
6,2017,8,191936,11
6,2017,8,191940,263
6,2017,8,191942,108
6,2017,8,191946,24
6,2017,8,191948,41
6,2017,8,191950,4
6,2017,8,191952,143
6,2017,8,191956,66
6,2017,8,191958,11
6,2017,8,191960,14
6,2017,8,191962,166
6,2017,8,191964,41
6,2017,8,191966,11
6,2017,8,191968,154
6,2017,8,192310,65
6,2017,8,192336,26
6,2017,8,192340,9
6,2017,8,192342,4
6,2017,8,192346,9
6,2017,8,192348,5
6,2017,8,192352,5
6,2017,8,192356,28
6,2017,8,192710,131
6,2017,8,192732,18
6,2017,8,192736,17
6,2017,8,192740,3
6,2017,8,192742,2
6,2017,8,192744,19
6,2017,8,192748,4
6,2017,8,192754,2
6,2017,8,192758,3
6,2017,8,192760,2
6,2017,8,192762,17
6,2017,8,192766,3
6,2017,8,193110,112
6,2017,8,193111,153
6,2017,8,193112,95
6,2017,8,193136,89
6,2017,8,193140,88
6,2017,8,193142,39
6,2017,8,193148,149
6,2017,8,193150,60
6,2017,8,193154,57
6,2017,8,193156,22
6,2017,8,193160,6
6,2017,8,193162,15
6,2017,8,193166,84
6,2017,8,193510,102
6,2017,8,193511,1
6,2017,8,193516,19
6,2017,8,193518,58
6,2017,8,193522,13
6,2017,8,193523,25
6,2017,8,193524,37
6,2017,8,193528,5
6,2017,8,193532,27
6,2017,8,193536,12
6,2017,8,193540,48
6,2017,8,193544,14
6,2017,8,193548,10
6,2017,8,193552,2
6,2017,8,193556,18
6,2017,8,193560,14
6,2017,8,193564,33
6,2017,8,193910,79
6,2017,8,193916,18
6,2017,8,193920,4
6,2017,8,193924,23
6,2017,8,193934,5
6,2017,8,193936,11
6,2017,8,193940,10
6,2017,8,193942,4
6,2017,8,193944,23
6,2017,8,193948,1
6,2017,8,193950,3
6,2017,8,193952,1
6,2017,8,193954,40
6,2017,8,193956,7
6,2017,8,193962,1
6,2017,8,193964,9
6,2017,8,193966,1
6,2017,8,193968,15
6,2017,8,194310,100
6,2017,8,194332,14
6,2017,8,194336,8
6,2017,8,194340,25
6,2017,8,194344,40
6,2017,8,194346,16
6,2017,8,194348,22
6,2017,8,194352,28
6,2017,8,194710,39
6,2017,8,194718,39
6,2017,8,194736,32
6,2017,8,194742,19
6,2017,8,194746,21
6,2017,8,194750,18
6,2017,8,194752,10
6,2017,8,195110,102
6,2017,8,195111,101
6,2017,8,195112,121
6,2017,8,195113,85
6,2017,8,195116,36
6,2017,8,195120,12
6,2017,8,195126,90
6,2017,8,195136,19
6,2017,8,195140,36
6,2017,8,195144,141
6,2017,8,195146,48
6,2017,8,195148,32
6,2017,8,195152,77
6,2017,8,195154,194
6,2017,8,195156,34
6,2017,8,195158,24
6,2017,8,195160,90
6,2017,8,195164,22
6,2017,8,195511,87
6,2017,8,195512,63
6,2017,8,195513,109
6,2017,8,195516,35
6,2017,8,195522,106
6,2017,8,195532,7
6,2017,8,195536,15
6,2017,8,195542,3
6,2017,8,195546,3
6,2017,8,195548,6
6,2017,8,195556,4
6,2017,8,195560,6
6,2017,8,195564,7
6,2017,8,195568,12
6,2017,8,195910,57
6,2017,8,195932,8
6,2017,8,195934,6
6,2017,8,195936,2
6,2017,8,195942,6
6,2017,8,195950,7
6,2017,8,195952,3
6,2017,8,195956,3
6,2017,8,195958,3
6,2017,8,195960,12
6,2017,8,195964,2
6,2017,8,195966,1
6,2017,8,196310,116
6,2017,8,196311,102
6,2017,8,196312,53
6,2017,8,196324,18
6,2017,8,196328,154
6,2017,8,196330,1
6,2017,8,196331,1
6,2017,8,196332,6
6,2017,8,196334,14
6,2017,8,196336,7
6,2017,8,196338,12
6,2017,8,196340,45
6,2017,8,196344,20
6,2017,8,196346,14
6,2017,8,196348,32
6,2017,8,196350,8
6,2017,8,196352,8
6,2017,8,196354,3
6,2017,8,196358,11
6,2017,8,196362,32
6,2017,8,196364,23
6,2017,8,196368,31
6,2017,8,197110,1
6,2017,8,197111,152
6,2017,8,197113,75
6,2017,8,197115,84
6,2017,8,197511,436
6,2017,8,197512,449
6,2017,8,197513,348
6,2017,8,197514,368
6,2017,8,197515,366
6,2017,8,197517,273
6,2017,8,197519,337
6,2017,8,197541,140
6,2017,8,198743,1
6,2017,9,191110,60
6,2017,9,191118,8
6,2017,9,191132,16
6,2017,9,191134,14
6,2017,9,191136,3
6,2017,9,191138,12
6,2017,9,191145,11
6,2017,9,191146,7
6,2017,9,191148,8
6,2017,9,191154,1
6,2017,9,191156,17
6,2017,9,191160,1
6,2017,9,191164,2
6,2017,9,191166,38
6,2017,9,191168,9
6,2017,9,191170,19
6,2017,9,191510,230
6,2017,9,191532,18
6,2017,9,191534,16
6,2017,9,191536,9
6,2017,9,191542,4
6,2017,9,191546,25
6,2017,9,191548,7
6,2017,9,191556,2
6,2017,9,191560,41
6,2017,9,191564,4
6,2017,9,191568,1
6,2017,9,191910,131
6,2017,9,191916,33
6,2017,9,191926,5
6,2017,9,191932,16
6,2017,9,191934,23
6,2017,9,191936,8
6,2017,9,191940,230
6,2017,9,191942,89
6,2017,9,191946,23
6,2017,9,191948,38
6,2017,9,191950,4
6,2017,9,191952,125
6,2017,9,191956,61
6,2017,9,191958,9
6,2017,9,191960,11
6,2017,9,191962,148
6,2017,9,191964,33
6,2017,9,191966,9
6,2017,9,191968,135
6,2017,9,192310,61
6,2017,9,192336,22
6,2017,9,192340,9
6,2017,9,192342,3
6,2017,9,192346,8
6,2017,9,192348,5
6,2017,9,192352,5
6,2017,9,192356,21
6,2017,9,192710,117
6,2017,9,192732,17
6,2017,9,192736,13
6,2017,9,192740,2
6,2017,9,192742,2
6,2017,9,192744,16
6,2017,9,192748,4
6,2017,9,192754,1
6,2017,9,192758,3
6,2017,9,192760,2
6,2017,9,192762,15
6,2017,9,192766,3
6,2017,9,193110,111
6,2017,9,193111,151
6,2017,9,193112,90
6,2017,9,193136,81
6,2017,9,193140,86
6,2017,9,193142,37
6,2017,9,193148,133
6,2017,9,193150,56
6,2017,9,193154,53
6,2017,9,193156,20
6,2017,9,193160,6
6,2017,9,193162,13
6,2017,9,193166,80
6,2017,9,193510,93
6,2017,9,193516,19
6,2017,9,193518,54
6,2017,9,193522,12
6,2017,9,193523,23
6,2017,9,193524,36
6,2017,9,193528,4
6,2017,9,193532,18
6,2017,9,193536,5
6,2017,9,193540,42
6,2017,9,193544,13
6,2017,9,193548,10
6,2017,9,193552,2
6,2017,9,193556,16
6,2017,9,193560,13
6,2017,9,193564,26
6,2017,9,193910,76
6,2017,9,193916,15
6,2017,9,193920,4
6,2017,9,193924,18
6,2017,9,193934,4
6,2017,9,193936,11
6,2017,9,193940,10
6,2017,9,193942,4
6,2017,9,193944,21
6,2017,9,193948,1
6,2017,9,193950,3
6,2017,9,193952,1
6,2017,9,193954,34
6,2017,9,193956,7
6,2017,9,193962,1
6,2017,9,193964,8
6,2017,9,193966,1
6,2017,9,193968,15
6,2017,9,194310,90
6,2017,9,194332,12
6,2017,9,194336,7
6,2017,9,194340,23
6,2017,9,194344,30
6,2017,9,194346,11
6,2017,9,194348,14
6,2017,9,194352,24
6,2017,9,194710,37
6,2017,9,194718,39
6,2017,9,194736,25
6,2017,9,194742,15
6,2017,9,194746,16
6,2017,9,194750,15
6,2017,9,194752,7
6,2017,9,195110,94
6,2017,9,195111,95
6,2017,9,195112,117
6,2017,9,195113,76
6,2017,9,195116,29
6,2017,9,195120,10
6,2017,9,195126,78
6,2017,9,195136,13
6,2017,9,195140,23
6,2017,9,195144,131
6,2017,9,195146,38
6,2017,9,195148,26
6,2017,9,195152,70
6,2017,9,195154,179
6,2017,9,195156,27
6,2017,9,195158,21
6,2017,9,195160,82
6,2017,9,195164,21
6,2017,9,195511,84
6,2017,9,195512,62
6,2017,9,195513,108
6,2017,9,195516,31
6,2017,9,195522,105
6,2017,9,195532,6
6,2017,9,195536,12
6,2017,9,195542,3
6,2017,9,195546,2
6,2017,9,195548,5
6,2017,9,195556,4
6,2017,9,195560,6
6,2017,9,195564,6
6,2017,9,195568,9
6,2017,9,195910,56
6,2017,9,195932,7
6,2017,9,195934,5
6,2017,9,195936,2
6,2017,9,195942,6
6,2017,9,195950,3
6,2017,9,195952,2
6,2017,9,195956,3
6,2017,9,195958,2
6,2017,9,195960,11
6,2017,9,195964,1
6,2017,9,195966,1
6,2017,9,196310,115
6,2017,9,196311,100
6,2017,9,196312,52
6,2017,9,196324,16
6,2017,9,196328,145
6,2017,9,196330,1
6,2017,9,196331,1
6,2017,9,196332,5
6,2017,9,196334,13
6,2017,9,196336,7
6,2017,9,196338,12
6,2017,9,196340,41
6,2017,9,196344,18
6,2017,9,196346,14
6,2017,9,196348,29
6,2017,9,196350,7
6,2017,9,196352,7
6,2017,9,196354,2
6,2017,9,196358,11
6,2017,9,196362,29
6,2017,9,196364,21
6,2017,9,196368,29
6,2017,9,197110,1
6,2017,9,197111,144
6,2017,9,197113,71
6,2017,9,197115,75
6,2017,9,197511,431
6,2017,9,197512,440
6,2017,9,197513,341
6,2017,9,197514,364
6,2017,9,197515,359
6,2017,9,197517,271
6,2017,9,197519,329
6,2017,9,197541,135
6,2017,9,198743,1
6,2017,10,191110,9
6,2017,10,191118,1
6,2017,10,191132,4
6,2017,10,191134,4
6,2017,10,191136,1
6,2017,10,191138,1
6,2017,10,191148,1
6,2017,10,191152,3
6,2017,10,191154,3
6,2017,10,191156,6
6,2017,10,191166,3
6,2017,10,191168,1
6,2017,10,191170,1
6,2017,10,191510,7
6,2017,10,191532,3
6,2017,10,191534,12
6,2017,10,191536,2
6,2017,10,191542,1
6,2017,10,191546,2
6,2017,10,191556,1
6,2017,10,191560,5
6,2017,10,191564,2
6,2017,10,191910,7
6,2017,10,191916,8
6,2017,10,191932,5
6,2017,10,191934,8
6,2017,10,191936,3
6,2017,10,191940,33
6,2017,10,191942,19
6,2017,10,191946,1
6,2017,10,191948,3
6,2017,10,191952,18
6,2017,10,191956,5
6,2017,10,191958,2
6,2017,10,191960,3
6,2017,10,191962,18
6,2017,10,191964,8
6,2017,10,191966,2
6,2017,10,191968,19
6,2017,10,192310,4
6,2017,10,192336,4
6,2017,10,192342,1
6,2017,10,192346,1
6,2017,10,192356,7
6,2017,10,192710,14
6,2017,10,192732,1
6,2017,10,192736,4
6,2017,10,192740,1
6,2017,10,192744,3
6,2017,10,192754,1
6,2017,10,192762,2
6,2017,10,193110,1
6,2017,10,193111,2
6,2017,10,193112,5
6,2017,10,193136,8
6,2017,10,193140,2
6,2017,10,193142,2
6,2017,10,193148,16
6,2017,10,193150,4
6,2017,10,193154,4
6,2017,10,193156,2
6,2017,10,193162,2
6,2017,10,193166,4
6,2017,10,193510,9
6,2017,10,193511,1
6,2017,10,193518,4
6,2017,10,193522,1
6,2017,10,193523,2
6,2017,10,193524,1
6,2017,10,193528,1
6,2017,10,193532,9
6,2017,10,193536,7
6,2017,10,193540,6
6,2017,10,193544,1
6,2017,10,193556,2
6,2017,10,193560,1
6,2017,10,193564,7
6,2017,10,193910,3
6,2017,10,193916,3
6,2017,10,193924,5
6,2017,10,193934,1
6,2017,10,193944,2
6,2017,10,193954,6
6,2017,10,193964,1
6,2017,10,194310,10
6,2017,10,194332,2
6,2017,10,194336,1
6,2017,10,194340,2
6,2017,10,194344,10
6,2017,10,194346,5
6,2017,10,194348,8
6,2017,10,194352,4
6,2017,10,194710,2
6,2017,10,194736,7
6,2017,10,194742,4
6,2017,10,194746,5
6,2017,10,194750,3
6,2017,10,194752,3
6,2017,10,195110,8
6,2017,10,195111,6
6,2017,10,195112,4
6,2017,10,195113,9
6,2017,10,195116,7
6,2017,10,195120,2
6,2017,10,195126,12
6,2017,10,195136,6
6,2017,10,195140,13
6,2017,10,195144,10
6,2017,10,195146,10
6,2017,10,195148,6
6,2017,10,195152,7
6,2017,10,195154,15
6,2017,10,195156,7
6,2017,10,195158,3
6,2017,10,195160,8
6,2017,10,195164,1
6,2017,10,195511,3
6,2017,10,195512,1
6,2017,10,195513,1
6,2017,10,195516,4
6,2017,10,195522,1
6,2017,10,195532,1
6,2017,10,195536,3
6,2017,10,195546,1
6,2017,10,195548,1
6,2017,10,195564,1
6,2017,10,195568,3
6,2017,10,195910,1
6,2017,10,195932,1
6,2017,10,195934,1
6,2017,10,195950,4
6,2017,10,195952,1
6,2017,10,195958,1
6,2017,10,195960,1
6,2017,10,195964,1
6,2017,10,196310,1
6,2017,10,196311,2
6,2017,10,196312,1
6,2017,10,196324,2
6,2017,10,196328,9
6,2017,10,196332,1
6,2017,10,196334,1
6,2017,10,196340,4
6,2017,10,196344,2
6,2017,10,196348,3
6,2017,10,196350,1
6,2017,10,196352,1
6,2017,10,196354,1
6,2017,10,196362,3
6,2017,10,196364,2
6,2017,10,196368,2
6,2017,10,197111,8
6,2017,10,197113,4
6,2017,10,197115,9
6,2017,10,197511,5
6,2017,10,197512,9
6,2017,10,197513,7
6,2017,10,197514,4
6,2017,10,197515,7
6,2017,10,197517,2
6,2017,10,197519,8
6,2017,10,197541,5
6,2018,7,191110,37
6,2018,7,191118,12
6,2018,7,191132,14
6,2018,7,191134,6
6,2018,7,191136,6
6,2018,7,191138,17
6,2018,7,191140,3
6,2018,7,191145,3
6,2018,7,191146,6
6,2018,7,191148,5
6,2018,7,191152,5
6,2018,7,191154,5
6,2018,7,191156,16
6,2018,7,191160,3
6,2018,7,191164,2
6,2018,7,191166,24
6,2018,7,191168,10
6,2018,7,191170,24
6,2018,7,191510,193
6,2018,7,191532,7
6,2018,7,191534,8
6,2018,7,191536,1
6,2018,7,191542,3
6,2018,7,191546,7
6,2018,7,191548,14
6,2018,7,191552,2
6,2018,7,191560,23
6,2018,7,191564,2
6,2018,7,191910,105
6,2018,7,191916,32
6,2018,7,191926,3
6,2018,7,191932,10
6,2018,7,191934,22
6,2018,7,191936,7
6,2018,7,191940,151
6,2018,7,191942,65
6,2018,7,191946,15
6,2018,7,191948,22
6,2018,7,191950,12
6,2018,7,191952,155
6,2018,7,191956,55
6,2018,7,191958,9
6,2018,7,191960,7
6,2018,7,191962,92
6,2018,7,191964,31
6,2018,7,191966,9
6,2018,7,191968,115
6,2018,7,192310,53
6,2018,7,192336,20
6,2018,7,192340,4
6,2018,7,192342,5
6,2018,7,192346,7
6,2018,7,192348,2
6,2018,7,192352,4
6,2018,7,192356,7
6,2018,7,192710,53
6,2018,7,192732,20
6,2018,7,192736,6
6,2018,7,192744,18
6,2018,7,192748,3
6,2018,7,192750,1
6,2018,7,192758,6
6,2018,7,192760,1
6,2018,7,192762,8
6,2018,7,192766,8
6,2018,7,193110,98
6,2018,7,193111,105
6,2018,7,193112,56
6,2018,7,193136,39
6,2018,7,193140,34
6,2018,7,193142,26
6,2018,7,193148,63
6,2018,7,193150,36
6,2018,7,193154,17
6,2018,7,193156,2
6,2018,7,193160,5
6,2018,7,193162,12
6,2018,7,193166,50
6,2018,7,193510,93
6,2018,7,193516,11
6,2018,7,193518,9
6,2018,7,193520,1
6,2018,7,193521,2
6,2018,7,193522,3
6,2018,7,193523,5
6,2018,7,193524,26
6,2018,7,193528,5
6,2018,7,193532,9
6,2018,7,193536,3
6,2018,7,193540,9
6,2018,7,193544,6
6,2018,7,193548,4
6,2018,7,193552,1
6,2018,7,193556,3
6,2018,7,193560,3
6,2018,7,193564,12
6,2018,7,193910,64
6,2018,7,193916,8
6,2018,7,193920,7
6,2018,7,193924,23
6,2018,7,193932,3
6,2018,7,193936,8
6,2018,7,193940,1
6,2018,7,193942,1
6,2018,7,193944,4
6,2018,7,193948,1
6,2018,7,193952,3
6,2018,7,193954,16
6,2018,7,193956,1
6,2018,7,193958,1
6,2018,7,193964,6
6,2018,7,193966,4
6,2018,7,193968,5
6,2018,7,194310,74
6,2018,7,194332,10
6,2018,7,194336,4
6,2018,7,194340,10
6,2018,7,194344,12
6,2018,7,194346,5
6,2018,7,194348,10
6,2018,7,194352,20
6,2018,7,194710,37
6,2018,7,194718,29
6,2018,7,194736,6
6,2018,7,194742,10
6,2018,7,194746,8
6,2018,7,194750,23
6,2018,7,194752,8
6,2018,7,195110,39
6,2018,7,195111,55
6,2018,7,195112,34
6,2018,7,195113,38
6,2018,7,195116,13
6,2018,7,195120,12
6,2018,7,195126,66
6,2018,7,195136,9
6,2018,7,195140,14
6,2018,7,195144,79
6,2018,7,195146,20
6,2018,7,195148,22
6,2018,7,195152,47
6,2018,7,195154,99
6,2018,7,195156,16
6,2018,7,195158,16
6,2018,7,195160,42
6,2018,7,195164,28
6,2018,7,195511,73
6,2018,7,195512,48
6,2018,7,195513,76
6,2018,7,195516,15
6,2018,7,195522,54
6,2018,7,195532,2
6,2018,7,195536,4
6,2018,7,195542,1
6,2018,7,195546,4
6,2018,7,195548,5
6,2018,7,195552,1
6,2018,7,195556,2
6,2018,7,195560,9
6,2018,7,195564,2
6,2018,7,195568,7
6,2018,7,195910,36
6,2018,7,195932,3
6,2018,7,195934,1
6,2018,7,195936,5
6,2018,7,195942,2
6,2018,7,195946,1
6,2018,7,195950,5
6,2018,7,195952,4
6,2018,7,195956,4
6,2018,7,195958,1
6,2018,7,195960,11
6,2018,7,195966,7
6,2018,7,196310,59
6,2018,7,196311,73
6,2018,7,196312,34
6,2018,7,196322,1
6,2018,7,196324,11
6,2018,7,196328,125
6,2018,7,196332,3
6,2018,7,196334,10
6,2018,7,196336,4
6,2018,7,196338,2
6,2018,7,196340,19
6,2018,7,196344,6
6,2018,7,196346,12
6,2018,7,196348,17
6,2018,7,196350,6
6,2018,7,196352,4
6,2018,7,196354,6
6,2018,7,196358,7
6,2018,7,196362,22
6,2018,7,196364,12
6,2018,7,196368,14
6,2018,7,197111,82
6,2018,7,197113,64
6,2018,7,197115,70
6,2018,7,197511,363
6,2018,7,197512,359
6,2018,7,197513,317
6,2018,7,197514,360
6,2018,7,197515,268
6,2018,7,197517,243
6,2018,7,197519,273
6,2018,7,197541,94
6,2018,8,191110,57
6,2018,8,191118,12
6,2018,8,191132,29
6,2018,8,191134,8
6,2018,8,191136,8
6,2018,8,191138,23
6,2018,8,191140,7
6,2018,8,191145,6
6,2018,8,191146,7
6,2018,8,191148,7
6,2018,8,191152,6
6,2018,8,191154,5
6,2018,8,191156,34
6,2018,8,191160,11
6,2018,8,191164,2
6,2018,8,191166,37
6,2018,8,191168,15
6,2018,8,191170,35
6,2018,8,191510,229
6,2018,8,191532,14
6,2018,8,191534,19
6,2018,8,191536,1
6,2018,8,191542,7
6,2018,8,191546,18
6,2018,8,191548,18
6,2018,8,191552,4
6,2018,8,191560,51
6,2018,8,191564,6
6,2018,8,191910,141
6,2018,8,191916,45
6,2018,8,191926,3
6,2018,8,191932,20
6,2018,8,191934,42
6,2018,8,191936,16
6,2018,8,191940,272
6,2018,8,191942,136
6,2018,8,191946,30
6,2018,8,191948,29
6,2018,8,191950,21
6,2018,8,191952,230
6,2018,8,191956,87
6,2018,8,191958,13
6,2018,8,191960,12
6,2018,8,191962,131
6,2018,8,191964,62
6,2018,8,191966,13
6,2018,8,191968,164
6,2018,8,192310,67
6,2018,8,192336,30
6,2018,8,192340,5
6,2018,8,192342,15
6,2018,8,192346,16
6,2018,8,192348,4
6,2018,8,192352,11
6,2018,8,192356,12
6,2018,8,192710,68
6,2018,8,192732,35
6,2018,8,192736,10
6,2018,8,192744,37
6,2018,8,192748,6
6,2018,8,192750,1
6,2018,8,192758,8
6,2018,8,192760,1
6,2018,8,192762,8
6,2018,8,192766,10
6,2018,8,193110,124
6,2018,8,193111,151
6,2018,8,193112,77
6,2018,8,193136,79
6,2018,8,193140,46
6,2018,8,193142,64
6,2018,8,193148,123
6,2018,8,193150,50
6,2018,8,193154,20
6,2018,8,193156,2
6,2018,8,193160,9
6,2018,8,193162,15
6,2018,8,193166,78
6,2018,8,193510,102
6,2018,8,193516,18
6,2018,8,193518,15
6,2018,8,193520,1
6,2018,8,193521,7
6,2018,8,193522,3
6,2018,8,193523,6
6,2018,8,193524,32
6,2018,8,193528,8
6,2018,8,193532,17
6,2018,8,193536,10
6,2018,8,193540,30
6,2018,8,193544,6
6,2018,8,193548,7
6,2018,8,193552,3
6,2018,8,193556,5
6,2018,8,193560,11
6,2018,8,193564,55
6,2018,8,193910,80
6,2018,8,193916,10
6,2018,8,193920,9
6,2018,8,193924,35
6,2018,8,193932,8
6,2018,8,193936,12
6,2018,8,193940,1
6,2018,8,193942,1
6,2018,8,193944,6
6,2018,8,193948,1
6,2018,8,193952,4
6,2018,8,193954,25
6,2018,8,193956,1
6,2018,8,193958,1
6,2018,8,193964,13
6,2018,8,193966,7
6,2018,8,193968,8
6,2018,8,194310,90
6,2018,8,194332,17
6,2018,8,194336,4
6,2018,8,194340,12
6,2018,8,194344,20
6,2018,8,194346,9
6,2018,8,194348,17
6,2018,8,194352,25
6,2018,8,194710,39
6,2018,8,194718,36
6,2018,8,194736,13
6,2018,8,194742,23
6,2018,8,194746,24
6,2018,8,194750,27
6,2018,8,194752,9
6,2018,8,195110,57
6,2018,8,195111,85
6,2018,8,195112,51
6,2018,8,195113,46
6,2018,8,195116,15
6,2018,8,195120,17
6,2018,8,195126,100
6,2018,8,195136,25
6,2018,8,195140,24
6,2018,8,195144,130
6,2018,8,195146,31
6,2018,8,195148,32
6,2018,8,195152,61
6,2018,8,195154,140
6,2018,8,195156,29
6,2018,8,195158,22
6,2018,8,195160,77
6,2018,8,195164,60
6,2018,8,195511,98
6,2018,8,195512,65
6,2018,8,195513,93
6,2018,8,195516,22
6,2018,8,195522,84
6,2018,8,195532,7
6,2018,8,195536,5
6,2018,8,195542,1
6,2018,8,195546,4
6,2018,8,195548,14
6,2018,8,195552,2
6,2018,8,195556,2
6,2018,8,195560,18
6,2018,8,195564,2
6,2018,8,195568,12
6,2018,8,195910,45
6,2018,8,195932,6
6,2018,8,195934,2
6,2018,8,195936,11
6,2018,8,195942,5
6,2018,8,195946,1
6,2018,8,195950,13
6,2018,8,195952,4
6,2018,8,195956,4
6,2018,8,195958,3
6,2018,8,195960,22
6,2018,8,195966,8
6,2018,8,196310,66
6,2018,8,196311,83
6,2018,8,196312,44
6,2018,8,196322,1
6,2018,8,196324,15
6,2018,8,196328,188
6,2018,8,196332,4
6,2018,8,196334,13
6,2018,8,196336,6
6,2018,8,196338,2
6,2018,8,196340,24
6,2018,8,196344,19
6,2018,8,196346,18
6,2018,8,196348,23
6,2018,8,196350,16
6,2018,8,196352,5
6,2018,8,196354,9
6,2018,8,196358,16
6,2018,8,196362,36
6,2018,8,196364,23
6,2018,8,196368,22
6,2018,8,197111,92
6,2018,8,197113,66
6,2018,8,197115,89
6,2018,8,197511,434
6,2018,8,197512,468
6,2018,8,197513,367
6,2018,8,197514,423
6,2018,8,197515,322
6,2018,8,197517,286
6,2018,8,197519,346
6,2018,8,197541,108
6,2018,9,191110,52
6,2018,9,191118,12
6,2018,9,191132,29
6,2018,9,191134,7
6,2018,9,191136,3
6,2018,9,191138,21
6,2018,9,191140,7
6,2018,9,191145,4
6,2018,9,191146,4
6,2018,9,191148,7
6,2018,9,191152,6
6,2018,9,191154,4
6,2018,9,191156,31
6,2018,9,191160,7
6,2018,9,191164,2
6,2018,9,191166,34
6,2018,9,191168,12
6,2018,9,191170,29
6,2018,9,191510,219
6,2018,9,191532,13
6,2018,9,191534,15
6,2018,9,191536,1
6,2018,9,191542,5
6,2018,9,191546,17
6,2018,9,191548,15
6,2018,9,191552,3
6,2018,9,191560,46
6,2018,9,191564,3
6,2018,9,191910,134
6,2018,9,191916,38
6,2018,9,191926,3
6,2018,9,191932,18
6,2018,9,191934,39
6,2018,9,191936,15
6,2018,9,191940,244
6,2018,9,191942,109
6,2018,9,191946,24
6,2018,9,191948,27
6,2018,9,191950,19
6,2018,9,191952,200
6,2018,9,191956,82
6,2018,9,191958,9
6,2018,9,191960,11
6,2018,9,191962,119
6,2018,9,191964,60
6,2018,9,191966,12
6,2018,9,191968,143
6,2018,9,192310,56
6,2018,9,192336,25
6,2018,9,192340,5
6,2018,9,192342,9
6,2018,9,192346,13
6,2018,9,192348,3
6,2018,9,192352,9
6,2018,9,192356,9
6,2018,9,192710,54
6,2018,9,192732,22
6,2018,9,192736,8
6,2018,9,192744,29
6,2018,9,192748,5
6,2018,9,192750,1
6,2018,9,192758,7
6,2018,9,192762,8
6,2018,9,192766,8
6,2018,9,193110,120
6,2018,9,193111,149
6,2018,9,193112,74
6,2018,9,193136,75
6,2018,9,193140,44
6,2018,9,193142,60
6,2018,9,193148,120
6,2018,9,193150,45
6,2018,9,193154,19
6,2018,9,193160,7
6,2018,9,193162,14
6,2018,9,193166,72
6,2018,9,193510,86
6,2018,9,193516,16
6,2018,9,193518,6
6,2018,9,193520,1
6,2018,9,193521,4
6,2018,9,193522,3
6,2018,9,193523,5
6,2018,9,193524,29
6,2018,9,193528,8
6,2018,9,193532,16
6,2018,9,193536,7
6,2018,9,193540,16
6,2018,9,193544,5
6,2018,9,193548,7
6,2018,9,193552,3
6,2018,9,193556,1
6,2018,9,193560,10
6,2018,9,193564,43
6,2018,9,193910,76
6,2018,9,193916,9
6,2018,9,193920,8
6,2018,9,193924,32
6,2018,9,193932,8
6,2018,9,193936,9
6,2018,9,193940,1
6,2018,9,193942,1
6,2018,9,193944,6
6,2018,9,193948,1
6,2018,9,193952,3
6,2018,9,193954,22
6,2018,9,193956,1
6,2018,9,193958,1
6,2018,9,193964,11
6,2018,9,193966,5
6,2018,9,193968,8
6,2018,9,194310,80
6,2018,9,194332,15
6,2018,9,194336,2
6,2018,9,194340,11
6,2018,9,194344,19
6,2018,9,194346,6
6,2018,9,194348,14
6,2018,9,194352,21
6,2018,9,194710,37
6,2018,9,194718,35
6,2018,9,194736,8
6,2018,9,194742,20
6,2018,9,194746,16
6,2018,9,194750,23
6,2018,9,194752,8
6,2018,9,195110,51
6,2018,9,195111,73
6,2018,9,195112,46
6,2018,9,195113,38
6,2018,9,195116,12
6,2018,9,195120,17
6,2018,9,195126,85
6,2018,9,195136,14
6,2018,9,195140,19
6,2018,9,195144,120
6,2018,9,195146,25
6,2018,9,195148,30
6,2018,9,195152,59
6,2018,9,195154,123
6,2018,9,195156,23
6,2018,9,195158,20
6,2018,9,195160,74
6,2018,9,195164,50
6,2018,9,195511,97
6,2018,9,195512,65
6,2018,9,195513,92
6,2018,9,195516,20
6,2018,9,195522,80
6,2018,9,195532,7
6,2018,9,195536,5
6,2018,9,195546,4
6,2018,9,195548,11
6,2018,9,195552,2
6,2018,9,195560,14
6,2018,9,195564,2
6,2018,9,195568,11
6,2018,9,195910,44
6,2018,9,195932,3
6,2018,9,195934,1
6,2018,9,195936,4
6,2018,9,195942,5
6,2018,9,195950,11
6,2018,9,195952,4
6,2018,9,195956,4
6,2018,9,195958,2
6,2018,9,195960,21
6,2018,9,195966,5
6,2018,9,196310,64
6,2018,9,196311,81
6,2018,9,196312,44
6,2018,9,196322,1
6,2018,9,196324,9
6,2018,9,196328,180
6,2018,9,196332,2
6,2018,9,196334,12
6,2018,9,196336,6
6,2018,9,196338,2
6,2018,9,196340,19
6,2018,9,196344,13
6,2018,9,196346,14
6,2018,9,196348,22
6,2018,9,196350,10
6,2018,9,196352,4
6,2018,9,196354,6
6,2018,9,196358,11
6,2018,9,196362,31
6,2018,9,196364,15
6,2018,9,196368,21
6,2018,9,197111,84
6,2018,9,197113,65
6,2018,9,197115,85
6,2018,9,197511,430
6,2018,9,197512,455
6,2018,9,197513,358
6,2018,9,197514,413
6,2018,9,197515,312
6,2018,9,197517,283
6,2018,9,197519,333
6,2018,9,197541,108
6,2018,10,191110,5
6,2018,10,191134,1
6,2018,10,191136,5
6,2018,10,191138,2
6,2018,10,191145,2
6,2018,10,191146,3
6,2018,10,191154,1
6,2018,10,191156,3
6,2018,10,191160,4
6,2018,10,191166,3
6,2018,10,191168,3
6,2018,10,191170,6
6,2018,10,191510,10
6,2018,10,191532,1
6,2018,10,191534,4
6,2018,10,191542,2
6,2018,10,191546,1
6,2018,10,191548,3
6,2018,10,191552,1
6,2018,10,191560,5
6,2018,10,191564,3
6,2018,10,191910,7
6,2018,10,191916,7
6,2018,10,191932,2
6,2018,10,191934,3
6,2018,10,191936,1
6,2018,10,191940,28
6,2018,10,191942,27
6,2018,10,191946,6
6,2018,10,191948,2
6,2018,10,191950,2
6,2018,10,191952,30
6,2018,10,191956,5
6,2018,10,191958,4
6,2018,10,191960,1
6,2018,10,191962,12
6,2018,10,191964,2
6,2018,10,191966,1
6,2018,10,191968,21
6,2018,10,192310,11
6,2018,10,192336,5
6,2018,10,192342,6
6,2018,10,192346,3
6,2018,10,192348,1
6,2018,10,192352,2
6,2018,10,192356,3
6,2018,10,192710,14
6,2018,10,192732,13
6,2018,10,192736,2
6,2018,10,192744,8
6,2018,10,192748,1
6,2018,10,192758,1
6,2018,10,192760,1
6,2018,10,192766,2
6,2018,10,193110,4
6,2018,10,193111,2
6,2018,10,193112,3
6,2018,10,193136,4
6,2018,10,193140,2
6,2018,10,193142,4
6,2018,10,193148,3
6,2018,10,193150,5
6,2018,10,193154,1
6,2018,10,193156,2
6,2018,10,193160,2
6,2018,10,193162,1
6,2018,10,193166,6
6,2018,10,193510,16
6,2018,10,193516,2
6,2018,10,193518,9
6,2018,10,193521,3
6,2018,10,193523,1
6,2018,10,193524,3
6,2018,10,193532,1
6,2018,10,193536,3
6,2018,10,193540,14
6,2018,10,193544,1
6,2018,10,193556,4
6,2018,10,193560,1
6,2018,10,193564,12
6,2018,10,193910,4
6,2018,10,193916,1
6,2018,10,193920,1
6,2018,10,193924,3
6,2018,10,193936,3
6,2018,10,193952,1
6,2018,10,193954,3
6,2018,10,193964,2
6,2018,10,193966,2
6,2018,10,194310,10
6,2018,10,194332,2
6,2018,10,194336,2
6,2018,10,194340,1
6,2018,10,194344,1
6,2018,10,194346,3
6,2018,10,194348,3
6,2018,10,194352,4
6,2018,10,194710,2
6,2018,10,194718,1
6,2018,10,194736,5
6,2018,10,194742,3
6,2018,10,194746,8
6,2018,10,194750,4
6,2018,10,194752,1
6,2018,10,195110,6
6,2018,10,195111,12
6,2018,10,195112,5
6,2018,10,195113,8
6,2018,10,195116,3
6,2018,10,195126,15
6,2018,10,195136,11
6,2018,10,195140,5
6,2018,10,195144,10
6,2018,10,195146,6
6,2018,10,195148,2
6,2018,10,195152,2
6,2018,10,195154,17
6,2018,10,195156,6
6,2018,10,195158,2
6,2018,10,195160,3
6,2018,10,195164,10
6,2018,10,195511,1
6,2018,10,195513,1
6,2018,10,195516,2
6,2018,10,195522,4
6,2018,10,195542,1
6,2018,10,195548,3
6,2018,10,195556,2
6,2018,10,195560,4
6,2018,10,195568,1
6,2018,10,195910,1
6,2018,10,195932,3
6,2018,10,195934,1
6,2018,10,195936,7
6,2018,10,195946,1
6,2018,10,195950,2
6,2018,10,195958,1
6,2018,10,195960,1
6,2018,10,195966,3
6,2018,10,196310,2
6,2018,10,196311,2
6,2018,10,196324,6
6,2018,10,196328,8
6,2018,10,196332,2
6,2018,10,196334,1
6,2018,10,196340,5
6,2018,10,196344,6
6,2018,10,196346,4
6,2018,10,196348,1
6,2018,10,196350,6
6,2018,10,196352,1
6,2018,10,196354,3
6,2018,10,196358,5
6,2018,10,196362,5
6,2018,10,196364,8
6,2018,10,196368,1
6,2018,10,197111,8
6,2018,10,197113,1
6,2018,10,197115,4
6,2018,10,197511,4
6,2018,10,197512,13
6,2018,10,197513,9
6,2018,10,197514,10
6,2018,10,197515,10
6,2018,10,197517,3
6,2018,10,197519,13
6,2019,7,191110,89
6,2019,7,191118,8
6,2019,7,191132,15
6,2019,7,191134,14
6,2019,7,191136,8
6,2019,7,191138,15
6,2019,7,191140,4
6,2019,7,191145,1
6,2019,7,191146,3
6,2019,7,191148,4
6,2019,7,191152,3
6,2019,7,191154,1
6,2019,7,191156,16
6,2019,7,191160,1
6,2019,7,191164,4
6,2019,7,191166,33
6,2019,7,191168,14
6,2019,7,191170,34
6,2019,7,191510,296
6,2019,7,191532,16
6,2019,7,191534,14
6,2019,7,191536,2
6,2019,7,191540,4
6,2019,7,191542,7
6,2019,7,191546,12
6,2019,7,191548,20
6,2019,7,191552,3
6,2019,7,191556,4
6,2019,7,191560,31
6,2019,7,191564,5
6,2019,7,191568,6
6,2019,7,191910,117
6,2019,7,191916,32
6,2019,7,191926,6
6,2019,7,191932,14
6,2019,7,191934,24
6,2019,7,191936,2
6,2019,7,191940,165
6,2019,7,191942,83
6,2019,7,191946,19
6,2019,7,191948,20
6,2019,7,191950,11
6,2019,7,191952,179
6,2019,7,191956,55
6,2019,7,191958,5
6,2019,7,191959,2
6,2019,7,191960,9
6,2019,7,191962,168
6,2019,7,191964,41
6,2019,7,191966,13
6,2019,7,191968,152
6,2019,7,192310,81
6,2019,7,192336,11
6,2019,7,192340,7
6,2019,7,192346,10
6,2019,7,192348,4
6,2019,7,192352,13
6,2019,7,192356,8
6,2019,7,192710,66
6,2019,7,192732,11
6,2019,7,192736,10
6,2019,7,192740,3
6,2019,7,192744,13
6,2019,7,192748,4
6,2019,7,192750,2
6,2019,7,192758,8
6,2019,7,192760,5
6,2019,7,192762,10
6,2019,7,192766,5
6,2019,7,193110,164
6,2019,7,193111,67
6,2019,7,193112,19
6,2019,7,193136,50
6,2019,7,193140,31
6,2019,7,193142,26
6,2019,7,193148,87
6,2019,7,193150,44
6,2019,7,193154,25
6,2019,7,193156,6
6,2019,7,193160,13
6,2019,7,193162,9
6,2019,7,193166,56
6,2019,7,193167,1
6,2019,7,193510,122
6,2019,7,193516,10
6,2019,7,193518,7
6,2019,7,193520,1
6,2019,7,193521,1
6,2019,7,193522,5
6,2019,7,193523,14
6,2019,7,193524,33
6,2019,7,193528,7
6,2019,7,193532,9
6,2019,7,193536,3
6,2019,7,193540,10
6,2019,7,193544,7
6,2019,7,193548,3
6,2019,7,193552,5
6,2019,7,193556,5
6,2019,7,193560,3
6,2019,7,193564,8
6,2019,7,193910,50
6,2019,7,193916,11
6,2019,7,193920,7
6,2019,7,193924,22
6,2019,7,193932,1
6,2019,7,193934,5
6,2019,7,193936,5
6,2019,7,193940,10
6,2019,7,193944,3
6,2019,7,193948,1
6,2019,7,193950,6
6,2019,7,193952,2
6,2019,7,193954,9
6,2019,7,193956,3
6,2019,7,193962,2
6,2019,7,193964,2
6,2019,7,193966,1
6,2019,7,193968,5
6,2019,7,194310,144
6,2019,7,194332,12
6,2019,7,194336,6
6,2019,7,194340,15
6,2019,7,194344,21
6,2019,7,194346,11
6,2019,7,194348,10
6,2019,7,194352,11
6,2019,7,194710,36
6,2019,7,194718,30
6,2019,7,194736,4
6,2019,7,194742,5
6,2019,7,194746,10
6,2019,7,194750,22
6,2019,7,194752,12
6,2019,7,195116,22
6,2019,7,195120,21
6,2019,7,195126,25
6,2019,7,195136,8
6,2019,7,195140,8
6,2019,7,195144,79
6,2019,7,195146,6
6,2019,7,195148,19
6,2019,7,195152,43
6,2019,7,195154,43
6,2019,7,195155,21
6,2019,7,195156,10
6,2019,7,195158,19
6,2019,7,195160,58
6,2019,7,195164,13
6,2019,7,195511,69
6,2019,7,195512,74
6,2019,7,195513,50
6,2019,7,195516,10
6,2019,7,195522,53
6,2019,7,195532,2
6,2019,7,195536,3
6,2019,7,195542,2
6,2019,7,195546,1
6,2019,7,195548,4
6,2019,7,195552,2
6,2019,7,195556,4
6,2019,7,195560,7
6,2019,7,195564,2
6,2019,7,195568,9
6,2019,7,195910,48
6,2019,7,195932,3
6,2019,7,195934,1
6,2019,7,195936,3
6,2019,7,195950,5
6,2019,7,195952,4
6,2019,7,195956,3
6,2019,7,195958,3
6,2019,7,195960,9
6,2019,7,195964,1
6,2019,7,195966,4
6,2019,7,196310,50
6,2019,7,196311,71
6,2019,7,196312,24
6,2019,7,196324,16
6,2019,7,196328,93
6,2019,7,196332,3
6,2019,7,196334,8
6,2019,7,196336,6
6,2019,7,196338,4
6,2019,7,196340,20
6,2019,7,196344,13
6,2019,7,196346,6
6,2019,7,196348,23
6,2019,7,196350,9
6,2019,7,196352,5
6,2019,7,196354,8
6,2019,7,196358,4
6,2019,7,196362,12
6,2019,7,196364,14
6,2019,7,196368,5
6,2019,7,197111,78
6,2019,7,197113,61
6,2019,7,197115,69
6,2019,7,197121,56
6,2019,7,197511,329
6,2019,7,197512,350
6,2019,7,197513,276
6,2019,7,197514,244
6,2019,7,197515,240
6,2019,7,197517,243
6,2019,7,197519,277
6,2019,7,197541,124
6,2019,7,197910,39
6,2019,7,197911,33
6,2019,7,197912,46
6,2019,7,197913,43
6,2019,8,191110,118
6,2019,8,191118,12
6,2019,8,191132,27
6,2019,8,191134,19
6,2019,8,191136,21
6,2019,8,191138,23
6,2019,8,191140,4
6,2019,8,191145,1
6,2019,8,191146,3
6,2019,8,191148,11
6,2019,8,191152,4
6,2019,8,191154,1
6,2019,8,191156,23
6,2019,8,191160,2
6,2019,8,191164,6
6,2019,8,191166,55
6,2019,8,191168,18
6,2019,8,191170,54
6,2019,8,191510,378
6,2019,8,191532,36
6,2019,8,191534,24
6,2019,8,191536,3
6,2019,8,191540,6
6,2019,8,191542,23
6,2019,8,191546,13
6,2019,8,191548,31
6,2019,8,191552,6
6,2019,8,191556,10
6,2019,8,191560,51
6,2019,8,191564,10
6,2019,8,191568,15
6,2019,8,191910,177
6,2019,8,191916,52
6,2019,8,191926,6
6,2019,8,191932,32
6,2019,8,191934,51
6,2019,8,191936,2
6,2019,8,191940,267
6,2019,8,191942,181
6,2019,8,191946,37
6,2019,8,191948,33
6,2019,8,191950,19
6,2019,8,191952,270
6,2019,8,191956,96
6,2019,8,191958,15
6,2019,8,191959,3
6,2019,8,191960,20
6,2019,8,191962,243
6,2019,8,191964,77
6,2019,8,191966,23
6,2019,8,191968,208
6,2019,8,192310,104
6,2019,8,192336,25
6,2019,8,192340,30
6,2019,8,192346,20
6,2019,8,192348,5
6,2019,8,192352,20
6,2019,8,192356,20
6,2019,8,192710,100
6,2019,8,192732,16
6,2019,8,192736,11
6,2019,8,192740,11
6,2019,8,192744,18
6,2019,8,192748,6
6,2019,8,192750,5
6,2019,8,192758,13
6,2019,8,192760,6
6,2019,8,192762,16
6,2019,8,192766,19
6,2019,8,193110,212
6,2019,8,193111,102
6,2019,8,193112,29
6,2019,8,193136,102
6,2019,8,193140,59
6,2019,8,193142,74
6,2019,8,193148,224
6,2019,8,193150,96
6,2019,8,193154,40
6,2019,8,193156,6
6,2019,8,193160,35
6,2019,8,193162,9
6,2019,8,193166,83
6,2019,8,193167,3
6,2019,8,193510,139
6,2019,8,193516,20
6,2019,8,193518,12
6,2019,8,193520,1
6,2019,8,193521,1
6,2019,8,193522,7
6,2019,8,193523,21
6,2019,8,193524,38
6,2019,8,193528,11
6,2019,8,193532,15
6,2019,8,193536,11
6,2019,8,193540,33
6,2019,8,193544,21
6,2019,8,193548,3
6,2019,8,193552,11
6,2019,8,193556,9
6,2019,8,193560,6
6,2019,8,193564,20
6,2019,8,193910,55
6,2019,8,193916,13
6,2019,8,193920,11
6,2019,8,193924,24
6,2019,8,193932,1
6,2019,8,193934,5
6,2019,8,193936,7
6,2019,8,193940,23
6,2019,8,193944,3
6,2019,8,193948,2
6,2019,8,193950,8
6,2019,8,193952,3
6,2019,8,193954,16
6,2019,8,193956,6
6,2019,8,193962,3
6,2019,8,193964,4
6,2019,8,193966,1
6,2019,8,193968,6
6,2019,8,194310,181
6,2019,8,194332,14
6,2019,8,194336,15
6,2019,8,194340,20
6,2019,8,194344,23
6,2019,8,194346,17
6,2019,8,194348,22
6,2019,8,194352,22
6,2019,8,194710,39
6,2019,8,194718,41
6,2019,8,194736,4
6,2019,8,194742,14
6,2019,8,194746,21
6,2019,8,194750,36
6,2019,8,194752,14
6,2019,8,195116,27
6,2019,8,195120,39
6,2019,8,195126,40
6,2019,8,195136,19
6,2019,8,195140,18
6,2019,8,195144,110
6,2019,8,195146,19
6,2019,8,195148,25
6,2019,8,195152,56
6,2019,8,195154,71
6,2019,8,195155,26
6,2019,8,195156,15
6,2019,8,195158,28
6,2019,8,195160,120
6,2019,8,195164,19
6,2019,8,195511,92
6,2019,8,195512,92
6,2019,8,195513,58
6,2019,8,195516,19
6,2019,8,195522,82
6,2019,8,195532,4
6,2019,8,195536,6
6,2019,8,195542,3
6,2019,8,195546,1
6,2019,8,195548,11
6,2019,8,195552,4
6,2019,8,195556,6
6,2019,8,195560,14
6,2019,8,195564,2
6,2019,8,195568,17
6,2019,8,195910,60
6,2019,8,195932,5
6,2019,8,195934,3
6,2019,8,195936,3
6,2019,8,195950,9
6,2019,8,195952,7
6,2019,8,195956,3
6,2019,8,195958,3
6,2019,8,195960,11
6,2019,8,195964,1
6,2019,8,195966,5
6,2019,8,196310,58
6,2019,8,196311,97
6,2019,8,196312,39
6,2019,8,196324,20
6,2019,8,196328,125
6,2019,8,196332,25
6,2019,8,196334,14
6,2019,8,196336,11
6,2019,8,196338,10
6,2019,8,196340,36
6,2019,8,196344,26
6,2019,8,196346,10
6,2019,8,196348,39
6,2019,8,196350,18
6,2019,8,196352,7
6,2019,8,196354,9
6,2019,8,196358,10
6,2019,8,196362,33
6,2019,8,196364,26
6,2019,8,196368,5
6,2019,8,197111,96
6,2019,8,197113,87
6,2019,8,197115,126
6,2019,8,197121,69
6,2019,8,197511,398
6,2019,8,197512,452
6,2019,8,197513,319
6,2019,8,197514,278
6,2019,8,197515,287
6,2019,8,197517,287
6,2019,8,197519,338
6,2019,8,197541,149
6,2019,8,197910,54
6,2019,8,197911,46
6,2019,8,197912,69
6,2019,8,197913,57
6,2019,9,191110,116
6,2019,9,191118,11
6,2019,9,191132,26
6,2019,9,191134,17
6,2019,9,191136,19
6,2019,9,191138,21
6,2019,9,191140,1
6,2019,9,191146,2
6,2019,9,191148,7
6,2019,9,191152,4
6,2019,9,191154,1
6,2019,9,191156,20
6,2019,9,191160,2
6,2019,9,191164,6
6,2019,9,191166,50
6,2019,9,191168,14
6,2019,9,191170,51
6,2019,9,191510,369
6,2019,9,191532,27
6,2019,9,191534,18
6,2019,9,191536,2
6,2019,9,191540,6
6,2019,9,191542,18
6,2019,9,191546,12
6,2019,9,191548,29
6,2019,9,191552,6
6,2019,9,191556,6
6,2019,9,191560,49
6,2019,9,191564,7
6,2019,9,191568,12
6,2019,9,191910,166
6,2019,9,191916,40
6,2019,9,191926,6
6,2019,9,191932,25
6,2019,9,191934,41
6,2019,9,191936,2
6,2019,9,191940,251
6,2019,9,191942,148
6,2019,9,191946,33
6,2019,9,191948,29
6,2019,9,191950,18
6,2019,9,191952,232
6,2019,9,191956,91
6,2019,9,191958,13
6,2019,9,191959,2
6,2019,9,191960,14
6,2019,9,191962,222
6,2019,9,191964,70
6,2019,9,191966,18
6,2019,9,191968,186
6,2019,9,192310,94
6,2019,9,192336,20
6,2019,9,192340,21
6,2019,9,192346,20
6,2019,9,192348,4
6,2019,9,192352,17
6,2019,9,192356,19
6,2019,9,192710,87
6,2019,9,192732,13
6,2019,9,192736,9
6,2019,9,192740,11
6,2019,9,192744,11
6,2019,9,192748,5
6,2019,9,192750,3
6,2019,9,192758,10
6,2019,9,192760,6
6,2019,9,192762,9
6,2019,9,192766,18
6,2019,9,193110,209
6,2019,9,193111,102
6,2019,9,193112,27
6,2019,9,193136,89
6,2019,9,193140,57
6,2019,9,193142,70
6,2019,9,193148,198
6,2019,9,193150,92
6,2019,9,193154,38
6,2019,9,193156,6
6,2019,9,193160,33
6,2019,9,193162,9
6,2019,9,193166,75
6,2019,9,193167,2
6,2019,9,193510,132
6,2019,9,193516,18
6,2019,9,193518,8
6,2019,9,193520,1
6,2019,9,193521,1
6,2019,9,193522,5
6,2019,9,193523,18
6,2019,9,193524,36
6,2019,9,193528,8
6,2019,9,193532,12
6,2019,9,193536,5
6,2019,9,193540,25
6,2019,9,193544,16
6,2019,9,193548,2
6,2019,9,193552,10
6,2019,9,193556,3
6,2019,9,193560,5
6,2019,9,193564,12
6,2019,9,193910,55
6,2019,9,193916,12
6,2019,9,193920,11
6,2019,9,193924,22
6,2019,9,193932,1
6,2019,9,193934,5
6,2019,9,193936,5
6,2019,9,193940,18
6,2019,9,193944,3
6,2019,9,193948,2
6,2019,9,193950,8
6,2019,9,193952,2
6,2019,9,193954,13
6,2019,9,193956,6
6,2019,9,193962,3
6,2019,9,193966,1
6,2019,9,193968,5
6,2019,9,194310,164
6,2019,9,194332,7
6,2019,9,194336,14
6,2019,9,194340,16
6,2019,9,194344,21
6,2019,9,194346,12
6,2019,9,194348,18
6,2019,9,194352,18
6,2019,9,194710,37
6,2019,9,194718,36
6,2019,9,194736,2
6,2019,9,194742,10
6,2019,9,194746,18
6,2019,9,194750,32
6,2019,9,194752,10
6,2019,9,195116,25
6,2019,9,195120,24
6,2019,9,195126,36
6,2019,9,195136,13
6,2019,9,195140,12
6,2019,9,195144,102
6,2019,9,195146,10
6,2019,9,195148,20
6,2019,9,195152,54
6,2019,9,195154,67
6,2019,9,195155,22
6,2019,9,195156,13
6,2019,9,195158,26
6,2019,9,195160,105
6,2019,9,195164,15
6,2019,9,195511,91
6,2019,9,195512,89
6,2019,9,195513,56
6,2019,9,195516,18
6,2019,9,195522,77
6,2019,9,195532,4
6,2019,9,195536,6
6,2019,9,195542,3
6,2019,9,195546,1
6,2019,9,195548,9
6,2019,9,195552,4
6,2019,9,195556,5
6,2019,9,195560,11
6,2019,9,195564,1
6,2019,9,195568,17
6,2019,9,195910,57
6,2019,9,195932,4
6,2019,9,195934,3
6,2019,9,195936,2
6,2019,9,195950,9
6,2019,9,195952,6
6,2019,9,195956,2
6,2019,9,195958,3
6,2019,9,195960,9
6,2019,9,195964,1
6,2019,9,195966,5
6,2019,9,196310,56
6,2019,9,196311,93
6,2019,9,196312,38
6,2019,9,196324,17
6,2019,9,196328,118
6,2019,9,196332,18
6,2019,9,196334,12
6,2019,9,196336,9
6,2019,9,196338,8
6,2019,9,196340,34
6,2019,9,196344,21
6,2019,9,196346,10
6,2019,9,196348,37
6,2019,9,196350,13
6,2019,9,196352,5
6,2019,9,196354,6
6,2019,9,196358,8
6,2019,9,196362,30
6,2019,9,196364,23
6,2019,9,196368,5
6,2019,9,197111,93
6,2019,9,197113,85
6,2019,9,197115,121
6,2019,9,197121,69
6,2019,9,197511,391
6,2019,9,197512,434
6,2019,9,197513,312
6,2019,9,197514,271
6,2019,9,197515,281
6,2019,9,197517,277
6,2019,9,197519,327
6,2019,9,197541,144
6,2019,9,197910,44
6,2019,9,197911,41
6,2019,9,197912,62
6,2019,9,197913,51
6,2019,10,191110,2
6,2019,10,191118,1
6,2019,10,191132,1
6,2019,10,191134,2
6,2019,10,191136,2
6,2019,10,191138,2
6,2019,10,191140,3
6,2019,10,191145,1
6,2019,10,191146,1
6,2019,10,191148,4
6,2019,10,191156,3
6,2019,10,191166,5
6,2019,10,191168,4
6,2019,10,191170,3
6,2019,10,191510,9
6,2019,10,191532,9
6,2019,10,191534,6
6,2019,10,191536,1
6,2019,10,191542,5
6,2019,10,191546,1
6,2019,10,191548,2
6,2019,10,191556,4
6,2019,10,191560,2
6,2019,10,191564,3
6,2019,10,191568,3
6,2019,10,191910,11
6,2019,10,191916,12
6,2019,10,191932,7
6,2019,10,191934,10
6,2019,10,191940,16
6,2019,10,191942,33
6,2019,10,191946,4
6,2019,10,191948,4
6,2019,10,191950,1
6,2019,10,191952,38
6,2019,10,191956,5
6,2019,10,191958,2
6,2019,10,191959,1
6,2019,10,191960,6
6,2019,10,191962,21
6,2019,10,191964,7
6,2019,10,191966,5
6,2019,10,191968,22
6,2019,10,192310,10
6,2019,10,192336,5
6,2019,10,192340,9
6,2019,10,192348,1
6,2019,10,192352,3
6,2019,10,192356,1
6,2019,10,192710,13
6,2019,10,192732,3
6,2019,10,192736,2
6,2019,10,192744,7
6,2019,10,192748,1
6,2019,10,192750,2
6,2019,10,192758,3
6,2019,10,192762,7
6,2019,10,192766,1
6,2019,10,193110,3
6,2019,10,193112,2
6,2019,10,193136,13
6,2019,10,193140,2
6,2019,10,193142,4
6,2019,10,193148,26
6,2019,10,193150,4
6,2019,10,193154,2
6,2019,10,193160,2
6,2019,10,193166,8
6,2019,10,193167,1
6,2019,10,193510,7
6,2019,10,193516,2
6,2019,10,193518,4
6,2019,10,193522,2
6,2019,10,193523,3
6,2019,10,193524,2
6,2019,10,193528,3
6,2019,10,193532,3
6,2019,10,193536,6
6,2019,10,193540,8
6,2019,10,193544,5
6,2019,10,193548,1
6,2019,10,193552,1
6,2019,10,193556,6
6,2019,10,193560,1
6,2019,10,193564,8
6,2019,10,193916,1
6,2019,10,193924,2
6,2019,10,193936,2
6,2019,10,193940,5
6,2019,10,193952,1
6,2019,10,193954,3
6,2019,10,193964,4
6,2019,10,193968,1
6,2019,10,194310,17
6,2019,10,194332,7
6,2019,10,194336,1
6,2019,10,194340,4
6,2019,10,194344,2
6,2019,10,194346,5
6,2019,10,194348,4
6,2019,10,194352,4
6,2019,10,194710,2
6,2019,10,194718,5
6,2019,10,194736,2
6,2019,10,194742,4
6,2019,10,194746,3
6,2019,10,194750,4
6,2019,10,194752,4
6,2019,10,195116,2
6,2019,10,195120,15
6,2019,10,195126,4
6,2019,10,195136,6
6,2019,10,195140,6
6,2019,10,195144,8
6,2019,10,195146,9
6,2019,10,195148,5
6,2019,10,195152,2
6,2019,10,195154,4
6,2019,10,195155,4
6,2019,10,195156,2
6,2019,10,195158,2
6,2019,10,195160,15
6,2019,10,195164,4
6,2019,10,195511,1
6,2019,10,195512,3
6,2019,10,195513,2
6,2019,10,195516,1
6,2019,10,195522,5
6,2019,10,195548,2
6,2019,10,195556,1
6,2019,10,195560,3
6,2019,10,195564,1
6,2019,10,195910,3
6,2019,10,195932,1
6,2019,10,195936,1
6,2019,10,195952,1
6,2019,10,195956,1
6,2019,10,195960,2
6,2019,10,196310,2
6,2019,10,196311,4
6,2019,10,196312,1
6,2019,10,196324,3
6,2019,10,196328,7
6,2019,10,196332,7
6,2019,10,196334,2
6,2019,10,196336,2
6,2019,10,196338,2
6,2019,10,196340,2
6,2019,10,196344,5
6,2019,10,196348,2
6,2019,10,196350,5
6,2019,10,196352,2
6,2019,10,196354,3
6,2019,10,196358,2
6,2019,10,196362,3
6,2019,10,196364,3
6,2019,10,197111,3
6,2019,10,197113,2
6,2019,10,197115,5
6,2019,10,197511,7
6,2019,10,197512,18
6,2019,10,197513,7
6,2019,10,197514,7
6,2019,10,197515,6
6,2019,10,197517,10
6,2019,10,197519,11
6,2019,10,197541,5
6,2019,10,197910,10
6,2019,10,197911,5
6,2019,10,197912,7
6,2019,10,197913,6
6,2020,7,191110,83
6,2020,7,191118,3
6,2020,7,191132,2
6,2020,7,191134,10
6,2020,7,191136,4
6,2020,7,191138,7
6,2020,7,191140,1
6,2020,7,191144,1
6,2020,7,191145,1
6,2020,7,191146,1
6,2020,7,191148,5
6,2020,7,191152,1
6,2020,7,191156,21
6,2020,7,191160,1
6,2020,7,191164,2
6,2020,7,191166,35
6,2020,7,191168,11
6,2020,7,191170,32
6,2020,7,191510,170
6,2020,7,191532,6
6,2020,7,191534,10
6,2020,7,191540,2
6,2020,7,191542,4
6,2020,7,191546,7
6,2020,7,191548,16
6,2020,7,191552,2
6,2020,7,191556,5
6,2020,7,191560,24
6,2020,7,191564,7
6,2020,7,191568,6
6,2020,7,191910,93
6,2020,7,191916,22
6,2020,7,191926,1
6,2020,7,191932,11
6,2020,7,191934,22
6,2020,7,191936,7
6,2020,7,191940,117
6,2020,7,191942,67
6,2020,7,191946,12
6,2020,7,191948,11
6,2020,7,191950,11
6,2020,7,191952,158
6,2020,7,191956,37
6,2020,7,191958,8
6,2020,7,191959,1
6,2020,7,191960,11
6,2020,7,191962,103
6,2020,7,191964,19
6,2020,7,191966,11
6,2020,7,191968,80
6,2020,7,192310,35
6,2020,7,192336,19
6,2020,7,192340,9
6,2020,7,192342,2
6,2020,7,192346,6
6,2020,7,192348,7
6,2020,7,192352,5
6,2020,7,192356,7
6,2020,7,192710,91
6,2020,7,192732,7
6,2020,7,192736,7
6,2020,7,192740,2
6,2020,7,192744,14
6,2020,7,192748,5
6,2020,7,192750,6
6,2020,7,192758,5
6,2020,7,192760,1
6,2020,7,192762,13
6,2020,7,192766,3
6,2020,7,193110,64
6,2020,7,193111,79
6,2020,7,193112,67
6,2020,7,193136,53
6,2020,7,193140,12
6,2020,7,193142,23
6,2020,7,193148,33
6,2020,7,193150,13
6,2020,7,193154,18
6,2020,7,193156,6
6,2020,7,193160,7
6,2020,7,193162,5
6,2020,7,193166,67
6,2020,7,193510,80
6,2020,7,193516,6
6,2020,7,193518,17
6,2020,7,193521,2
6,2020,7,193522,6
6,2020,7,193523,5
6,2020,7,193524,20
6,2020,7,193528,5
6,2020,7,193532,8
6,2020,7,193536,3
6,2020,7,193540,12
6,2020,7,193544,4
6,2020,7,193548,4
6,2020,7,193552,3
6,2020,7,193556,7
6,2020,7,193560,9
6,2020,7,193564,7
6,2020,7,193910,41
6,2020,7,193916,4
6,2020,7,193920,10
6,2020,7,193924,14
6,2020,7,193932,2
6,2020,7,193934,4
6,2020,7,193936,4
6,2020,7,193940,7
6,2020,7,193944,4
6,2020,7,193948,4
6,2020,7,193952,1
6,2020,7,193954,9
6,2020,7,193956,2
6,2020,7,193958,1
6,2020,7,193964,8
6,2020,7,193968,2
6,2020,7,194310,115
6,2020,7,194319,1
6,2020,7,194332,13
6,2020,7,194336,8
6,2020,7,194340,13
6,2020,7,194344,21
6,2020,7,194346,6
6,2020,7,194348,10
6,2020,7,194352,13
6,2020,7,194710,36
6,2020,7,194718,18
6,2020,7,194736,5
6,2020,7,194742,11
6,2020,7,194746,7
6,2020,7,194750,23
6,2020,7,194752,9
6,2020,7,195116,12
6,2020,7,195120,27
6,2020,7,195126,31
6,2020,7,195136,7
6,2020,7,195140,31
6,2020,7,195144,58
6,2020,7,195145,1
6,2020,7,195146,26
6,2020,7,195148,17
6,2020,7,195152,25
6,2020,7,195154,77
6,2020,7,195155,40
6,2020,7,195156,9
6,2020,7,195158,19
6,2020,7,195160,46
6,2020,7,195164,7
6,2020,7,195511,49
6,2020,7,195512,60
6,2020,7,195513,48
6,2020,7,195516,6
6,2020,7,195522,47
6,2020,7,195532,1
6,2020,7,195536,1
6,2020,7,195542,1
6,2020,7,195546,2
6,2020,7,195548,2
6,2020,7,195552,2
6,2020,7,195556,1
6,2020,7,195560,3
6,2020,7,195564,4
6,2020,7,195568,5
6,2020,7,195910,45
6,2020,7,195932,3
6,2020,7,195936,3
6,2020,7,195942,1
6,2020,7,195946,2
6,2020,7,195950,8
6,2020,7,195952,4
6,2020,7,195956,1
6,2020,7,195958,3
6,2020,7,195960,8
6,2020,7,195966,2
6,2020,7,196310,37
6,2020,7,196311,46
6,2020,7,196312,29
6,2020,7,196322,1
6,2020,7,196324,20
6,2020,7,196328,77
6,2020,7,196332,3
6,2020,7,196334,5
6,2020,7,196336,10
6,2020,7,196338,6
6,2020,7,196340,13
6,2020,7,196344,12
6,2020,7,196346,6
6,2020,7,196348,37
6,2020,7,196350,8
6,2020,7,196352,6
6,2020,7,196354,4
6,2020,7,196358,1
6,2020,7,196362,20
6,2020,7,196364,10
6,2020,7,196368,7
6,2020,7,197110,2
6,2020,7,197111,35
6,2020,7,197113,45
6,2020,7,197115,50
6,2020,7,197121,27
6,2020,7,197511,215
6,2020,7,197512,192
6,2020,7,197513,162
6,2020,7,197514,164
6,2020,7,197515,141
6,2020,7,197517,158
6,2020,7,197519,149
6,2020,7,197541,62
6,2020,7,197910,37
6,2020,7,197911,53
6,2020,7,197912,32
6,2020,7,197913,36
6,2020,8,191110,115
6,2020,8,191118,4
6,2020,8,191132,3
6,2020,8,191134,19
6,2020,8,191136,11
6,2020,8,191138,12
6,2020,8,191140,3
6,2020,8,191144,1
6,2020,8,191145,1
6,2020,8,191146,2
6,2020,8,191148,12
6,2020,8,191152,1
6,2020,8,191156,49
6,2020,8,191160,1
6,2020,8,191164,11
6,2020,8,191166,89
6,2020,8,191168,14
6,2020,8,191170,45
6,2020,8,191510,238
6,2020,8,191532,12
6,2020,8,191534,21
6,2020,8,191540,2
6,2020,8,191542,5
6,2020,8,191546,13
6,2020,8,191548,19
6,2020,8,191552,7
6,2020,8,191556,9
6,2020,8,191560,43
6,2020,8,191564,13
6,2020,8,191568,22
6,2020,8,191910,129
6,2020,8,191916,34
6,2020,8,191926,1
6,2020,8,191932,23
6,2020,8,191934,37
6,2020,8,191936,17
6,2020,8,191940,185
6,2020,8,191942,134
6,2020,8,191946,19
6,2020,8,191948,21
6,2020,8,191950,22
6,2020,8,191952,243
6,2020,8,191956,66
6,2020,8,191958,26
6,2020,8,191959,5
6,2020,8,191960,15
6,2020,8,191962,129
6,2020,8,191964,29
6,2020,8,191966,17
6,2020,8,191968,126
6,2020,8,192310,42
6,2020,8,192336,26
6,2020,8,192340,10
6,2020,8,192342,4
6,2020,8,192346,13
6,2020,8,192348,11
6,2020,8,192352,5
6,2020,8,192356,8
6,2020,8,192710,102
6,2020,8,192732,15
6,2020,8,192736,21
6,2020,8,192740,2
6,2020,8,192744,16
6,2020,8,192748,7
6,2020,8,192750,7
6,2020,8,192758,9
6,2020,8,192760,1
6,2020,8,192762,21
6,2020,8,192766,3
6,2020,8,193110,96
6,2020,8,193111,128
6,2020,8,193112,98
6,2020,8,193136,104
6,2020,8,193140,38
6,2020,8,193142,41
6,2020,8,193148,51
6,2020,8,193150,21
6,2020,8,193154,27
6,2020,8,193156,6
6,2020,8,193160,8
6,2020,8,193162,9
6,2020,8,193166,102
6,2020,8,193510,94
6,2020,8,193516,12
6,2020,8,193518,28
6,2020,8,193521,2
6,2020,8,193522,7
6,2020,8,193523,8
6,2020,8,193524,24
6,2020,8,193528,7
6,2020,8,193532,10
6,2020,8,193536,5
6,2020,8,193540,31
6,2020,8,193544,16
6,2020,8,193548,8
6,2020,8,193552,3
6,2020,8,193556,13
6,2020,8,193560,23
6,2020,8,193564,20
6,2020,8,193910,51
6,2020,8,193916,4
6,2020,8,193920,14
6,2020,8,193924,17
6,2020,8,193932,2
6,2020,8,193934,5
6,2020,8,193936,14
6,2020,8,193940,12
6,2020,8,193944,4
6,2020,8,193948,7
6,2020,8,193952,1
6,2020,8,193954,19
6,2020,8,193956,2
6,2020,8,193958,3
6,2020,8,193964,27
6,2020,8,193968,2
6,2020,8,194310,137
6,2020,8,194319,4
6,2020,8,194332,14
6,2020,8,194336,16
6,2020,8,194340,23
6,2020,8,194344,32
6,2020,8,194346,7
6,2020,8,194348,19
6,2020,8,194352,19
6,2020,8,194710,43
6,2020,8,194718,27
6,2020,8,194736,12
6,2020,8,194742,23
6,2020,8,194746,15
6,2020,8,194750,32
6,2020,8,194752,17
6,2020,8,195116,20
6,2020,8,195120,36
6,2020,8,195126,33
6,2020,8,195136,16
6,2020,8,195140,46
6,2020,8,195144,76
6,2020,8,195145,1
6,2020,8,195146,37
6,2020,8,195148,20
6,2020,8,195152,36
6,2020,8,195154,134
6,2020,8,195155,60
6,2020,8,195156,25
6,2020,8,195158,23
6,2020,8,195160,84
6,2020,8,195164,8
6,2020,8,195511,82
6,2020,8,195512,81
6,2020,8,195513,64
6,2020,8,195516,14
6,2020,8,195522,71
6,2020,8,195532,5
6,2020,8,195536,1
6,2020,8,195542,2
6,2020,8,195546,6
6,2020,8,195548,4
6,2020,8,195552,5
6,2020,8,195556,2
6,2020,8,195560,6
6,2020,8,195564,5
6,2020,8,195568,7
6,2020,8,195910,59
6,2020,8,195932,6
6,2020,8,195936,7
6,2020,8,195942,1
6,2020,8,195946,3
6,2020,8,195950,12
6,2020,8,195952,4
6,2020,8,195956,1
6,2020,8,195958,10
6,2020,8,195960,15
6,2020,8,195966,2
6,2020,8,196310,47
6,2020,8,196311,58
6,2020,8,196312,43
6,2020,8,196322,1
6,2020,8,196324,27
6,2020,8,196328,106
6,2020,8,196332,3
6,2020,8,196334,6
6,2020,8,196336,14
6,2020,8,196338,15
6,2020,8,196340,31
6,2020,8,196344,35
6,2020,8,196346,13
6,2020,8,196348,53
6,2020,8,196350,21
6,2020,8,196352,8
6,2020,8,196354,9
6,2020,8,196358,1
6,2020,8,196362,42
6,2020,8,196364,23
6,2020,8,196368,10
6,2020,8,197110,8
6,2020,8,197111,41
6,2020,8,197113,56
6,2020,8,197115,55
6,2020,8,197121,33
6,2020,8,197511,238
6,2020,8,197512,262
6,2020,8,197513,194
6,2020,8,197514,186
6,2020,8,197515,176
6,2020,8,197517,175
6,2020,8,197519,190
6,2020,8,197541,65
6,2020,8,197910,51
6,2020,8,197911,71
6,2020,8,197912,47
6,2020,8,197913,54
6,2020,9,191110,109
6,2020,9,191118,4
6,2020,9,191132,3
6,2020,9,191134,19
6,2020,9,191136,9
6,2020,9,191138,10
6,2020,9,191140,3
6,2020,9,191145,1
6,2020,9,191148,12
6,2020,9,191152,1
6,2020,9,191156,44
6,2020,9,191160,1
6,2020,9,191164,8
6,2020,9,191166,85
6,2020,9,191168,14
6,2020,9,191170,40
6,2020,9,191510,232
6,2020,9,191532,6
6,2020,9,191534,17
6,2020,9,191540,2
6,2020,9,191542,5
6,2020,9,191546,13
6,2020,9,191548,17
6,2020,9,191552,6
6,2020,9,191556,6
6,2020,9,191560,29
6,2020,9,191564,12
6,2020,9,191568,14
6,2020,9,191910,124
6,2020,9,191916,28
6,2020,9,191926,1
6,2020,9,191932,20
6,2020,9,191934,29
6,2020,9,191936,14
6,2020,9,191940,168
6,2020,9,191942,115
6,2020,9,191946,15
6,2020,9,191948,20
6,2020,9,191950,21
6,2020,9,191952,223
6,2020,9,191956,63
6,2020,9,191958,24
6,2020,9,191959,3
6,2020,9,191960,12
6,2020,9,191962,116
6,2020,9,191964,28
6,2020,9,191966,15
6,2020,9,191968,102
6,2020,9,192310,36
6,2020,9,192336,20
6,2020,9,192340,9
6,2020,9,192342,3
6,2020,9,192346,10
6,2020,9,192348,8
6,2020,9,192352,5
6,2020,9,192356,6
6,2020,9,192710,93
6,2020,9,192732,10
6,2020,9,192736,15
6,2020,9,192740,2
6,2020,9,192744,12
6,2020,9,192748,4
6,2020,9,192750,7
6,2020,9,192758,8
6,2020,9,192762,17
6,2020,9,192766,3
6,2020,9,193110,95
6,2020,9,193111,122
6,2020,9,193112,94
6,2020,9,193136,90
6,2020,9,193140,29
6,2020,9,193142,38
6,2020,9,193148,40
6,2020,9,193150,20
6,2020,9,193154,25
6,2020,9,193156,3
6,2020,9,193160,7
6,2020,9,193162,9
6,2020,9,193166,93
6,2020,9,193510,86
6,2020,9,193516,11
6,2020,9,193518,24
6,2020,9,193521,2
6,2020,9,193522,5
6,2020,9,193523,5
6,2020,9,193524,20
6,2020,9,193528,4
6,2020,9,193532,9
6,2020,9,193536,4
6,2020,9,193540,23
6,2020,9,193544,15
6,2020,9,193548,7
6,2020,9,193552,1
6,2020,9,193556,8
6,2020,9,193560,20
6,2020,9,193564,12
6,2020,9,193910,49
6,2020,9,193916,3
6,2020,9,193920,14
6,2020,9,193924,16
6,2020,9,193932,2
6,2020,9,193934,5
6,2020,9,193936,13
6,2020,9,193940,12
6,2020,9,193944,4
6,2020,9,193948,5
6,2020,9,193954,14
6,2020,9,193956,1
6,2020,9,193958,3
6,2020,9,193964,23
6,2020,9,193968,2
6,2020,9,194310,132
6,2020,9,194319,4
6,2020,9,194332,11
6,2020,9,194336,14
6,2020,9,194340,18
6,2020,9,194344,30
6,2020,9,194346,4
6,2020,9,194348,12
6,2020,9,194352,14
6,2020,9,194710,38
6,2020,9,194718,25
6,2020,9,194736,10
6,2020,9,194742,22
6,2020,9,194746,8
6,2020,9,194750,30
6,2020,9,194752,12
6,2020,9,195116,17
6,2020,9,195120,31
6,2020,9,195126,30
6,2020,9,195136,15
6,2020,9,195140,35
6,2020,9,195144,67
6,2020,9,195146,27
6,2020,9,195148,16
6,2020,9,195152,25
6,2020,9,195154,120
6,2020,9,195155,42
6,2020,9,195156,21
6,2020,9,195158,20
6,2020,9,195160,76
6,2020,9,195164,7
6,2020,9,195511,82
6,2020,9,195512,78
6,2020,9,195513,62
6,2020,9,195516,14
6,2020,9,195522,67
6,2020,9,195532,5
6,2020,9,195536,1
6,2020,9,195542,2
6,2020,9,195546,6
6,2020,9,195548,3
6,2020,9,195552,3
6,2020,9,195556,2
6,2020,9,195560,5
6,2020,9,195564,5
6,2020,9,195568,6
6,2020,9,195910,58
6,2020,9,195932,6
6,2020,9,195936,5
6,2020,9,195942,1
6,2020,9,195946,1
6,2020,9,195950,12
6,2020,9,195952,1
6,2020,9,195956,1
6,2020,9,195958,9
6,2020,9,195960,13
6,2020,9,195966,1
6,2020,9,196310,47
6,2020,9,196311,57
6,2020,9,196312,43
6,2020,9,196324,27
6,2020,9,196328,97
6,2020,9,196332,2
6,2020,9,196334,6
6,2020,9,196336,10
6,2020,9,196338,12
6,2020,9,196340,28
6,2020,9,196344,28
6,2020,9,196346,13
6,2020,9,196348,51
6,2020,9,196350,15
6,2020,9,196352,8
6,2020,9,196354,8
6,2020,9,196362,42
6,2020,9,196364,20
6,2020,9,196368,9
6,2020,9,197110,8
6,2020,9,197111,36
6,2020,9,197113,53
6,2020,9,197115,51
6,2020,9,197121,32
6,2020,9,197511,235
6,2020,9,197512,252
6,2020,9,197513,188
6,2020,9,197514,180
6,2020,9,197515,175
6,2020,9,197517,170
6,2020,9,197519,187
6,2020,9,197541,62
6,2020,9,197910,46
6,2020,9,197911,64
6,2020,9,197912,41
6,2020,9,197913,45
6,2020,10,191110,6
6,2020,10,191136,2
6,2020,10,191138,2
6,2020,10,191144,1
6,2020,10,191146,2
6,2020,10,191156,5
6,2020,10,191164,3
6,2020,10,191166,4
6,2020,10,191170,5
6,2020,10,191510,6
6,2020,10,191532,6
6,2020,10,191534,4
6,2020,10,191548,2
6,2020,10,191552,1
6,2020,10,191556,3
6,2020,10,191560,14
6,2020,10,191564,1
6,2020,10,191568,8
6,2020,10,191910,5
6,2020,10,191916,6
6,2020,10,191932,3
6,2020,10,191934,8
6,2020,10,191936,3
6,2020,10,191940,17
6,2020,10,191942,19
6,2020,10,191946,4
6,2020,10,191948,1
6,2020,10,191950,1
6,2020,10,191952,20
6,2020,10,191956,3
6,2020,10,191958,2
6,2020,10,191959,2
6,2020,10,191960,3
6,2020,10,191962,13
6,2020,10,191964,1
6,2020,10,191966,2
6,2020,10,191968,24
6,2020,10,192310,6
6,2020,10,192336,6
6,2020,10,192340,1
6,2020,10,192342,1
6,2020,10,192346,3
6,2020,10,192348,3
6,2020,10,192356,2
6,2020,10,192710,9
6,2020,10,192732,5
6,2020,10,192736,6
6,2020,10,192744,4
6,2020,10,192748,3
6,2020,10,192758,1
6,2020,10,192760,1
6,2020,10,192762,4
6,2020,10,193110,1
6,2020,10,193111,6
6,2020,10,193112,4
6,2020,10,193136,14
6,2020,10,193140,9
6,2020,10,193142,3
6,2020,10,193148,11
6,2020,10,193150,1
6,2020,10,193154,2
6,2020,10,193156,3
6,2020,10,193160,1
6,2020,10,193166,9
6,2020,10,193510,8
6,2020,10,193516,1
6,2020,10,193518,4
6,2020,10,193522,2
6,2020,10,193523,3
6,2020,10,193524,4
6,2020,10,193528,3
6,2020,10,193532,1
6,2020,10,193536,1
6,2020,10,193540,8
6,2020,10,193544,1
6,2020,10,193548,1
6,2020,10,193552,2
6,2020,10,193556,5
6,2020,10,193560,3
6,2020,10,193564,8
6,2020,10,193910,2
6,2020,10,193916,1
6,2020,10,193924,1
6,2020,10,193936,1
6,2020,10,193948,2
6,2020,10,193952,1
6,2020,10,193954,5
6,2020,10,193956,1
6,2020,10,193964,4
6,2020,10,194310,5
6,2020,10,194332,3
6,2020,10,194336,2
6,2020,10,194340,5
6,2020,10,194344,2
6,2020,10,194346,3
6,2020,10,194348,7
6,2020,10,194352,5
6,2020,10,194710,5
6,2020,10,194718,2
6,2020,10,194736,2
6,2020,10,194742,1
6,2020,10,194746,7
6,2020,10,194750,2
6,2020,10,194752,5
6,2020,10,195116,3
6,2020,10,195120,5
6,2020,10,195126,3
6,2020,10,195136,1
6,2020,10,195140,11
6,2020,10,195144,9
6,2020,10,195145,1
6,2020,10,195146,10
6,2020,10,195148,4
6,2020,10,195152,11
6,2020,10,195154,14
6,2020,10,195155,18
6,2020,10,195156,4
6,2020,10,195158,3
6,2020,10,195160,8
6,2020,10,195164,1
6,2020,10,195512,3
6,2020,10,195513,2
6,2020,10,195522,4
6,2020,10,195548,1
6,2020,10,195552,2
6,2020,10,195560,1
6,2020,10,195568,1
6,2020,10,195910,1
6,2020,10,195936,2
6,2020,10,195946,2
6,2020,10,195952,3
6,2020,10,195958,1
6,2020,10,195960,2
6,2020,10,195966,1
6,2020,10,196311,1
6,2020,10,196322,1
6,2020,10,196328,9
6,2020,10,196332,1
6,2020,10,196336,4
6,2020,10,196338,3
6,2020,10,196340,3
6,2020,10,196344,7
6,2020,10,196348,2
6,2020,10,196350,6
6,2020,10,196354,1
6,2020,10,196358,1
6,2020,10,196364,3
6,2020,10,196368,1
6,2020,10,197111,5
6,2020,10,197113,3
6,2020,10,197115,4
6,2020,10,197121,1
6,2020,10,197511,3
6,2020,10,197512,10
6,2020,10,197513,6
6,2020,10,197514,6
6,2020,10,197515,1
6,2020,10,197517,5
6,2020,10,197519,3
6,2020,10,197541,3
6,2020,10,197910,5
6,2020,10,197911,7
6,2020,10,197912,6
6,2020,10,197913,9
